theta,soil,d_cut_um,habitat_fraction,wet_habitat_fraction,habitat_wet_share,R_peak,cum_co2_final,outcome,period_shape_model,isolation_ratio,n_clusters
0.4,Loess,10.039506703067145,0.32208251953125,0.0,0.0,0.4,3.243278374148494,declining,falling,0.009307293256026854,61
0.4,Sand,78.31152487244114,0.81658935546875,0.21661376953125,0.2652664623663951,0.4,3.8638981435668582,declining,falling,0.00869697894415624,57
0.4,Vertisol,0.16392258583330666,0.322509765625,0.0,0.0,0.4,3.24323653026189,declining,falling,0.007476350320415014,49
0.5,Loess,14.162545372215488,0.32208251953125,0.0,0.0,0.4,3.243278374148494,declining,falling,0.003662109375,30
0.5,Sand,100.65835913196521,0.81658935546875,0.31658935546875,0.3876971373047313,0.4,3.7218325307785443,declining,falling,0.0037841796875,31
0.5,Vertisol,0.3500835328992377,0.322509765625,0.0,0.0,0.4,3.24323653026189,declining,falling,0.0028076171875,23
0.6,Loess,20.57413455513025,0.32208251953125,0.0,0.0,0.4,3.243278374148494,declining,falling,0.0013224821973550356,13
0.6,Sand,127.20535589456301,0.81658935546875,0.41656494140625,0.5101278122430675,0.4,3.645315596121182,declining,falling,0.0016276703967446592,16
0.6,Vertisol,0.7508018186604356,0.322509765625,0.0,0.0,0.4,3.24323653026189,declining,falling,0.0014242115971515768,14
0.7,Loess,34.15534859300531,0.32208251953125,0.0220947265625,0.06859958309645632,0.4,3.2442798880022723,declining,falling,0.0006103409189990409,7
0.7,Sand,161.64036185678805,0.81658935546875,0.5166015625,0.6326332311831976,0.4,3.5955130275214593,declining,falling,0.0006975324788560468,8
0.7,Vertisol,38.16554655008407,0.322509765625,0.02252197265625,0.0698334595003785,0.4,3.2444919824809992,declining,falling,0.0006103409189990409,7
0.8,Loess,65.73516537859797,0.32208251953125,0.1220703125,0.37900322152738297,0.4,3.2480733498509253,declining,falling,0.00022888532845044633,3
0.8,Sand,212.03020787441318,0.81658935546875,0.6165771484375,0.7550639061215337,0.4,3.56636207116169,declining,falling,0.00022888532845044633,3
0.8,Vertisol,70.61440747002622,0.322509765625,0.12249755859375,0.37982588947766843,0.4,3.2485881701778614,declining,falling,0.00030518043793392844,4
0.9,Loess,126.5362013868974,0.32208251953125,0.2220458984375,0.6894068599583096,0.4,3.2497756012729524,declining,falling,0.0001356391997287216,2
0.9,Sand,305.8944096537063,0.81658935546875,0.716552734375,0.87749458105987,0.4,3.5422643564457736,declining,falling,6.78195998643608e-05,1
0.9,Vertisol,118.46425974444796,0.322509765625,0.22247314453125,0.6898183194549584,0.4,3.250176985832733,declining,falling,6.78195998643608e-05,1
