iteration,om_fraction,D_scale,D_film,min_S_hab,growth_cleared,min_distance,distinct,degenerate_bloom,shapes
1,0.3,1.5,0.05,0.0029888828435684924,False,0.020443565334348112,False,False,"{'loess': 'erratic', 'sand': 'falling', 'vertisol': 'falling'}"
2,0.405,2.0250000000000004,0.0675,0.004625577375114823,False,0.03288374001152809,False,False,"{'loess': 'erratic', 'sand': 'erratic', 'vertisol': 'erratic'}"
3,0.5467500000000001,2.7337500000000006,0.09112500000000001,0.0070322381757710615,False,0.0960174431761379,False,False,"{'loess': 'erratic', 'sand': 'erratic', 'vertisol': 'erratic'}"
4,0.7381125000000002,3.690562500000001,0.12301875000000002,0.010364006964890326,False,0.04393464107059872,False,False,"{'loess': 'rising', 'sand': 'erratic', 'vertisol': 'erratic'}"
5,0.9964518750000003,4.982259375000002,0.16607531250000004,0.014666889772234258,False,0.015350689505070268,False,False,"{'loess': 'rising', 'sand': 'rising', 'vertisol': 'rising'}"
6,1.3452100312500006,6.726050156250003,0.22420167187500006,0.01961437984380344,False,0.015943170700241573,False,False,"{'loess': 'rising', 'sand': 'rising', 'vertisol': 'rising'}"
7,1.816033542187501,9.080167710937504,0.3026722570312501,0.024590074508057384,False,0.019403056991189997,False,False,"{'loess': 'rising', 'sand': 'rising', 'vertisol': 'rising'}"
8,2.4516452819531263,12.258226409765632,0.40860754699218765,0.028175052658538386,True,0.028834469788193824,False,False,"{'loess': 'rising', 'sand': 'rising', 'vertisol': 'rising'}"
9,2.4516452819531263,12.258226409765632,0.5107594337402346,0.027655241166946908,True,0.026928889840267544,False,False,"{'loess': 'erratic', 'sand': 'rising', 'vertisol': 'rising'}"
10,2.4516452819531263,12.258226409765632,0.38306957530517594,0.028379593654672703,True,0.02971885664895065,False,False,"{'loess': 'rising', 'sand': 'rising', 'vertisol': 'rising'}"
11,2.4516452819531263,12.258226409765632,0.4788369691314699,0.0277763423350143,True,0.027288532893661763,False,False,"{'loess': 'erratic', 'sand': 'rising', 'vertisol': 'rising'}"
12,2.4516452819531263,12.258226409765632,0.3591277268486024,0.02860858746603818,True,0.02844417645743758,False,False,"{'loess': 'rising', 'sand': 'rising', 'vertisol': 'rising'}"
13,2.4516452819531263,12.258226409765632,0.448909658560753,0.027920918052904465,True,0.027806589181837964,False,False,"{'loess': 'erratic', 'sand': 'rising', 'vertisol': 'rising'}"
14,2.4516452819531263,12.258226409765632,0.3366822439205647,0.028861588914483458,True,0.02659909719436361,False,False,"{'loess': 'rising', 'sand': 'rising', 'vertisol': 'rising'}"
15,2.4516452819531263,12.258226409765632,0.4208528049007059,0.02808967164736205,True,0.02847796566796383,False,False,"{'loess': 'erratic', 'sand': 'rising', 'vertisol': 'rising'}"
