region,first_active_t,first_active_frac_of_window,first_half_max_t,first_half_max_frac_of_window,eventual_peak_mean_growth
1,1,0.00066711140760507,644,0.4296197464976651,0.001971600652716564
2,1,0.00066711140760507,556,0.3709139426284189,0.003737919151251163
3,1,0.00066711140760507,639,0.42628418945963975,0.00181043994931927
4,1,0.00066711140760507,402,0.26817878585723814,0.0018624261443708236
5,1,0.00066711140760507,688,0.4589726484322882,0.0015824715246060995
6,4,0.00266844563042028,195,0.13008672448298866,5.92095022167306e-07
7,2,0.00133422281521014,853,0.5690460306871248,0.0005846241730695597
8,-1,nan,-1,nan,0.0
9,2,0.00133422281521014,1314,0.8765843895930621,3.0461275090796088e-05
10,8,0.00533689126084056,118,0.07871914609739826,2.4136541769507253e-08
11,-1,nan,-1,nan,0.0
12,1,0.00066711140760507,554,0.3695797198132088,0.0012758761494152983
13,-1,nan,-1,nan,0.0
14,-1,nan,-1,nan,0.0
15,3,0.0020013342228152103,193,0.12875250166777852,2.6978976115964344e-06
16,2,0.00133422281521014,759,0.5063375583722481,0.002091371462223331
17,-1,nan,-1,nan,0.0
18,1,0.00066711140760507,656,0.437625083388926,0.0013800181757798098
19,-1,nan,-1,nan,0.0
20,2,0.00133422281521014,659,0.43962641761174115,0.003282187514492468
21,3,0.0020013342228152103,1251,0.8345563709139426,9.097567199262097e-06
22,1,0.00066711140760507,534,0.3562374916611074,0.003441207860429649
23,2,0.00133422281521014,757,0.505003335557038,0.0016894993800558745
24,-1,nan,-1,nan,0.0
25,7,0.004669779853235491,226,0.15076717811874582,5.626504857410254e-07
26,1,0.00066711140760507,513,0.34222815210140095,0.0030018144090149823
27,3,0.0020013342228152103,953,0.6357571714476318,0.00026622742568850014
28,4,0.00266844563042028,941,0.627751834556371,0.0005167964758185109
29,-1,nan,-1,nan,0.0
30,1,0.00066711140760507,628,0.418945963975984,0.0024330312942008703
31,1,0.00066711140760507,730,0.48699132755170116,0.0006225482201018471
32,10,0.0066711140760507,228,0.15210140093395597,1.3066737576393158e-06
33,1,0.00066711140760507,655,0.43695797198132086,0.002266558652076848
34,20,0.0133422281521014,400,0.266844563042028,7.172763411640869e-08
35,7,0.004669779853235491,197,0.1314209472981988,3.7583027037943667e-08
36,2,0.00133422281521014,663,0.44229486324216144,0.003419649973368968
37,-1,nan,-1,nan,0.0
38,3,0.0020013342228152103,1224,0.8165443629086058,0.0002767146632800669
39,1,0.00066711140760507,600,0.400266844563042,0.00037395625304120165
40,-1,nan,-1,nan,0.0
41,-1,nan,-1,nan,0.0
42,1,0.00066711140760507,542,0.361574382921948,0.0015501280603182094
43,4,0.00266844563042028,897,0.5983989326217478,0.00045101938201841466
44,3,0.0020013342228152103,205,0.13675783855903936,5.782366178826376e-06
45,1,0.00066711140760507,747,0.4983322214809873,0.0012806404661031734
46,1,0.00066711140760507,795,0.5303535690460307,0.000917749809886707
47,1,0.00066711140760507,663,0.44229486324216144,0.0029143159708862163
48,5,0.00333555703802535,230,0.1534356237491661,1.67749378721113e-06
49,2,0.00133422281521014,604,0.4029352901934623,0.0006820589455385936
50,4,0.00266844563042028,1375,0.9172781854569713,0.00010642590832407574
51,8,0.00533689126084056,215,0.14342895263509006,3.17061362619953e-07
52,2,0.00133422281521014,731,0.4876584389593062,0.0009094695039524406
53,-1,nan,-1,nan,0.0
54,2,0.00133422281521014,1152,0.7685123415610406,0.0005235213044910726
55,2,0.00133422281521014,718,0.4789859906604403,0.0003301696885994847
56,3,0.0020013342228152103,1361,0.9079386257505003,4.586519739015865e-05
57,1,0.00066711140760507,751,0.5010006671114076,0.0023007409607964584
58,3,0.0020013342228152103,1246,0.8312208138759173,0.001336683206704657
59,3,0.0020013342228152103,1232,0.8218812541694464,0.0002811474128220421
60,2,0.00133422281521014,666,0.44429619746497667,0.004337953306895312
61,1,0.00066711140760507,691,0.4609739826551034,0.00042421858686231696
62,-1,nan,-1,nan,0.0
63,12,0.008005336891260841,161,0.10740493662441628,1.4597930725962459e-08
64,4,0.00266844563042028,222,0.14809873248832556,1.572719939523376e-06
65,2,0.00133422281521014,563,0.37558372248165445,0.004657947859386511
66,1,0.00066711140760507,491,0.3275517011340894,0.0025776085300288415
67,-1,nan,-1,nan,0.0
68,-1,nan,-1,nan,0.0
69,2,0.00133422281521014,696,0.46430953969312877,0.0010527358255460148
70,1,0.00066711140760507,669,0.44629753168779185,0.0004528543626583123
