soil,seed,R_peak,peak_frac,R_end_over_peak,cum_co2_final,late_over_early,n_regions,coating_cells,dry_habitat_fraction_of_habitat,matrix_fraction,om_total
sand,10000,7.80645209003972,0.15371790596865623,0.7703674802656805,976.6838914256655,1.1128074839109299,3,1818,0.9987293519695044,0.18341064453125,4000.0
sand,10001,34.96660171881632,0.17139046348782927,0.0012665280661970735,1205.244654488417,0.008787744149575033,3,1867,0.9982808879587413,0.18341064453125,4000.0
sand,10002,39.02499320771417,0.16605535178392797,0.0008752110844045479,1198.3800547059948,0.007479503553717474,2,1859,0.9997757679946184,0.18341064453125,4000.0
sand,10003,39.456504228297,0.15905301767255753,0.0009855920756088083,1212.3188721840177,0.008002562035594216,2,1806,0.9994020479856491,0.18341064453125,4000.0
sand,10004,41.6814631425222,0.15105035011670556,0.0011104646127805232,1192.06172424561,0.008912527352798811,1,1855,1.0,0.18341064453125,4000.0
sand,10005,42.065015070249025,0.15105035011670556,0.0009356098142815494,1184.6326935203624,0.007837028264390374,4,1844,0.9970102399282458,0.18341064453125,4000.0
sand,10006,43.84654417355726,0.14938312770923642,0.0008951046033533888,1187.3373933915614,0.007939062378576538,4,1811,0.9997010239928246,0.18341064453125,4000.0
sand,10007,38.529413652211126,0.15838612870956986,0.0018468870014637518,1183.9594136864562,0.01137264393968124,6,1826,0.9978324239479782,0.18341064453125,4000.0
sand,10008,35.43711267162623,0.1760586862287429,0.0008083549719359177,1200.3910119203833,0.007276315757487766,2,1867,0.9992525599820614,0.18341064453125,4000.0
sand,10009,38.45488655105254,0.16505501833944647,0.0009838949389605,1191.363645495852,0.008038058695642414,2,1868,1.0,0.18341064453125,4000.0
sand,10010,40.59856199708858,0.1437145715238413,0.00096043603210032,1186.475768634739,0.008034045583575483,5,1831,0.9985051199641228,0.18341064453125,4000.0
sand,10011,48.51615176894704,0.1393797932644215,0.000874754621614416,1177.9232444101892,0.008148335774567389,2,1848,0.9997010239928246,0.18341064453125,4000.0
sand,10012,14.669910682346217,0.2300766922307436,0.040178475823349054,1237.507270749413,0.288204236693545,3,1808,0.999476791987443,0.18341064453125,4000.0
sand,10013,26.46485459950252,0.19573191063687895,0.0013859555740751912,1220.979869694417,0.014337262692737442,9,1852,0.9953658718887809,0.18341064453125,4000.0
sand,10014,25.580647979238048,0.20373457819273091,0.0013436169498293633,1226.2494841205282,0.015136624537821062,1,1831,1.0,0.18341064453125,4000.0
sand,10015,27.758857436487276,0.1833944648216072,0.0010370787526628566,1212.7263845815155,0.010409259450608612,2,1841,0.9999252559982061,0.18341064453125,4000.0
sand,10016,43.569712323418784,0.15005001667222406,0.0009848548120900082,1185.7710270803054,0.008025863168415135,1,1868,1.0,0.18341064453125,4000.0
sand,10017,48.62538374005099,0.13871290430143382,0.0010289197589465717,1176.4268617066123,0.00858356986885171,1,1855,1.0,0.18341064453125,4000.0
sand,10018,36.68755023088191,0.17439146382127377,0.0009345976423887055,1200.2060180935955,0.008290569498805252,3,1810,0.9974587039390089,0.18341064453125,4000.0
sand,10019,38.499410048223176,0.16572190730243413,0.000831154167995078,1198.1039909444594,0.007198605892823879,4,1854,0.9991778159802676,0.18341064453125,4000.0
sand,10020,37.21926091429771,0.14438146048682896,0.0012575738767562068,1194.0041220879684,0.009359861267956059,3,1814,0.9997010239928246,0.18341064453125,4000.0
sand,10021,33.40070996126086,0.1813937979326442,0.000939775426575766,1209.3634374667515,0.007892348086125885,1,1823,1.0,0.18341064453125,4000.0
sand,10022,42.621849740758705,0.13704568189396465,0.0009816559043925534,1187.8983566223467,0.00844306418549548,2,1818,0.998953583974886,0.18341064453125,4000.0
sand,10023,28.456650182664703,0.17639213071023674,0.00112012463390461,1214.5198431025622,0.011236905282611545,2,1880,0.9997010239928246,0.18341064453125,4000.0
sand,10024,27.24877016769425,0.19606535511837278,0.0010453364942806071,1218.0155180727224,0.010791775366987449,1,1868,1.0,0.18341064453125,4000.0
sand,10025,28.48129027697785,0.17772590863621207,0.0010466975653405433,1211.4122695179992,0.010327076990363811,3,1812,0.9988040959712983,0.18341064453125,4000.0
sand,10026,24.26346390272884,0.20606868956318772,0.001391791346153165,1228.9889253807785,0.01547354090593728,1,1818,1.0,0.18341064453125,4000.0
sand,10027,36.756980526622414,0.16805601867289097,0.0009011932673727931,1197.7256739934126,0.007652646809750075,3,1824,0.9991030719784737,0.18341064453125,4000.0
sand,10028,35.52853883414146,0.1673891297099033,0.0008752776744782654,1216.9737473292123,0.007748333605628134,1,1840,1.0,0.18341064453125,4000.0
sand,10029,46.17066506931358,0.14138046015338446,0.0008498206522191364,1179.0461115565593,0.007934042733702422,1,1853,1.0,0.18341064453125,4000.0
sand,10030,35.247541727584505,0.17839279759919974,0.0009104207081658863,1205.1682319043953,0.0078121183905419805,6,1860,0.9973839599372151,0.18341064453125,4000.0
sand,10031,41.29717852423924,0.13771257085695232,0.0009882317027641112,1186.7136742812174,0.0080715262945419,2,1888,0.9999252559982061,0.18341064453125,4000.0
sand,10032,41.93328560946067,0.13704568189396465,0.0012209579212592455,1187.1154839387827,0.008916471607030073,2,1855,1.0,0.18341064453125,4000.0
sand,10033,38.094606329398694,0.16972324108036013,0.000984999733619811,1194.629090405732,0.008052704144250472,4,1866,0.9976081919425966,0.18341064453125,4000.0
sand,10034,25.099023662259167,0.20206735578526175,0.0013849652850686193,1232.4781386236173,0.017886659954204815,1,1808,1.0,0.18341064453125,4000.0
sand,10035,24.00565270714948,0.1833944648216072,0.0014899584569599748,1224.5350604578598,0.014976982568890046,3,1817,0.9995515359892369,0.18341064453125,4000.0
sand,10036,46.44626626605641,0.1460486828942981,0.000964832538602988,1182.1890555439184,0.00840479957429055,3,1781,0.9991778159802676,0.18341064453125,4000.0
sand,10037,42.31861029755128,0.14871623874624876,0.0010392336274034134,1192.0432442465494,0.008320075132752191,1,1888,1.0,0.18341064453125,4000.0
sand,10038,26.924776268320564,0.18372790930310104,0.0009024575127375857,1213.1077989173652,0.010059415854463035,4,1826,0.998430375962329,0.18341064453125,4000.0
sand,10039,32.850263102780644,0.1673891297099033,0.0009969042794938704,1207.8966044951849,0.008432487749383622,1,1840,1.0,0.18341064453125,4000.0
vertisol,20000,4.267532505301341,1.0,1.0,171.840618838439,6.719228407796975,61,4061,0.9284632853898561,0.677490234375,10000.0
vertisol,20001,3.7395609140478707,1.0,1.0,150.1845311533848,10.169950418911524,72,4264,0.9301665404996216,0.677490234375,10000.0
vertisol,20002,3.193518069076125,0.8885923949299533,0.9934311821284741,139.47488200495167,10.465422934796136,77,4423,0.9231642694928085,0.677490234375,10000.0
vertisol,20003,4.252810825844154,1.0,1.0,178.53229894877842,9.382218686721318,72,4399,0.9454958364875095,0.677490234375,10000.0
vertisol,20004,3.734503350548467,0.9426284189459639,0.9977525573954608,159.648368239191,9.095159726539046,77,4411,0.9360333080999244,0.677490234375,10000.0
vertisol,20005,3.3451977087236626,1.0,1.0,138.5374968845962,8.564787246941322,70,4091,0.9256245268735807,0.677490234375,10000.0
vertisol,20006,3.5571221701381464,1.0,1.0,143.37085206336502,9.798353827572013,78,4191,0.9084027252081757,0.677490234375,10000.0
vertisol,20007,3.499724266776999,1.0,1.0,140.71927207065426,10.05548128193224,70,4431,0.9218395155185466,0.677490234375,10000.0
vertisol,20008,3.7015525112189605,0.9392928619079386,0.9961454789633065,161.60379369301546,8.345170241238618,76,4345,0.9142694928084785,0.677490234375,10000.0
vertisol,20009,3.839665393209551,1.0,1.0,157.99645490859768,9.737353213674592,59,4079,0.9265707797123391,0.677490234375,10000.0
vertisol,20010,3.919263631893826,0.980653769179453,0.999657964461904,166.4101080284076,9.608493030994962,71,4315,0.9375473126419379,0.677490234375,10000.0
vertisol,20011,3.8281771258470636,1.0,1.0,157.76623027543292,9.586878526516205,74,4498,0.9248675246025738,0.677490234375,10000.0
vertisol,20012,3.1254270437046423,1.0,1.0,132.39461331135345,7.612905884829004,55,4128,0.9339515518546556,0.677490234375,10000.0
vertisol,20013,3.737003189054697,1.0,1.0,147.0810492909798,9.74746106222189,70,4251,0.9205147615442847,0.677490234375,10000.0
vertisol,20014,3.6591193607337114,1.0,1.0,150.89418474149022,8.511671618835074,74,4588,0.9093489780469342,0.677490234375,10000.0
vertisol,20015,3.779350225905442,0.95263509006004,0.9986907495955059,159.37680780855962,10.558088069423214,78,4500,0.9074564723694171,0.677490234375,10000.0
vertisol,20016,3.4412805680502263,1.0,1.0,137.2101357612104,7.734110145642308,77,4430,0.9246782740348221,0.677490234375,10000.0
vertisol,20017,3.7915143345706626,1.0,1.0,148.1183044851342,10.359035380781961,63,4224,0.9468205904617714,0.677490234375,10000.0
vertisol,20018,3.8436156152935936,1.0,1.0,160.667682692132,8.6509138712265,65,4400,0.927327781983346,0.677490234375,10000.0
vertisol,20019,3.2266040157037805,1.0,1.0,133.75225430666478,7.929109674379333,77,4502,0.9188115064345193,0.677490234375,10000.0
vertisol,20020,3.6505151625803878,1.0,1.0,151.26653207574344,9.770427576542323,65,4288,0.9456850870552612,0.677490234375,10000.0
vertisol,20021,3.7002235291849077,0.9786524349566378,0.9996289382843117,157.4847787090848,8.876761242577455,72,4373,0.9347085541256623,0.677490234375,10000.0
vertisol,20022,2.5084634088939572,1.0,1.0,104.2612643302083,9.425268524827539,71,4292,0.9439818319454958,0.677490234375,10000.0
vertisol,20023,2.8520055356737384,1.0,1.0,109.11548030468796,6.919721820229258,79,4470,0.8945874337623013,0.677490234375,10000.0
vertisol,20024,3.0277261040825674,1.0,1.0,113.74462036539357,10.36025076023323,75,4393,0.9398183194549584,0.677490234375,10000.0
vertisol,20025,3.9075879480703,1.0,1.0,155.53959431794618,7.781154061611681,76,4383,0.9407645722937169,0.677490234375,10000.0
vertisol,20026,3.728544046504409,1.0,1.0,151.28147539994094,10.45790266937241,71,4183,0.9331945495836488,0.677490234375,10000.0
vertisol,20027,3.836488707915238,1.0,1.0,163.74667296186317,8.599992932434567,68,4285,0.9097274791824376,0.677490234375,10000.0
vertisol,20028,3.8079645106572904,1.0,1.0,156.6875774770073,9.758828746538413,69,4283,0.9280847842543528,0.677490234375,10000.0
vertisol,20029,3.5637442897546796,1.0,1.0,145.80990322652335,9.299292382704824,76,4430,0.9320590461771385,0.677490234375,10000.0
vertisol,20030,3.9730042698628516,1.0,1.0,165.69587685630967,8.435878836163118,76,4512,0.9341408024224073,0.677490234375,10000.0
vertisol,20031,4.059344447851569,1.0,1.0,165.29308415625965,9.759931496928232,86,4589,0.9254352763058289,0.677490234375,10000.0
vertisol,20032,3.7833626803518587,1.0,1.0,153.86107810683382,11.045363930712188,67,4391,0.9341408024224073,0.677490234375,10000.0
vertisol,20033,3.9011149512631738,1.0,1.0,154.79889313586773,10.959681499979933,63,4185,0.9449280847842544,0.677490234375,10000.0
vertisol,20034,3.5686651645820984,1.0,1.0,142.2017510490441,10.611194638586964,73,4328,0.9051854655563967,0.677490234375,10000.0
vertisol,20035,3.3690026073557062,1.0,1.0,137.18253523937653,9.08868635667294,69,4159,0.9331945495836488,0.677490234375,10000.0
vertisol,20036,3.0253553861008102,1.0,1.0,126.91802450024555,8.735545344689898,79,4333,0.9237320211960636,0.677490234375,10000.0
vertisol,20037,3.850530822939876,1.0,1.0,159.28322599362053,8.823684860357716,69,4441,0.9263815291445874,0.677490234375,10000.0
vertisol,20038,3.70959586309424,1.0,1.0,158.1519122501117,8.220575786943549,82,4715,0.9127554882664648,0.677490234375,10000.0
vertisol,20039,4.122969591120267,0.9759839893262174,0.9994700621405571,174.06378884254715,9.06568929292476,70,4304,0.915215745647237,0.677490234375,10000.0
