soil,seed,R_peak,peak_frac,R_end_over_peak,cum_co2_final,late_over_early,n_regions,coating_cells,dry_habitat_fraction_of_habitat,matrix_fraction,om_total,coating_fraction_swept
sand,30500,21.03714261226555,0.1707235745248416,0.05507477907454931,857.7249295496952,0.1101060008062405,3,1854,0.9997757679946184,0.18341064453125,4000.0,0.5
sand,30501,20.808626839108904,0.18272757585861954,0.05677938084854359,860.9174738832722,0.11477977050655427,1,1829,1.0,0.18341064453125,4000.0,0.5
sand,30502,17.0292304972088,0.23607869289763253,0.06565905668551333,856.4032279906122,0.12532557225456434,5,1846,0.9991030719784737,0.18341064453125,4000.0,0.5
sand,30503,23.572587608837644,0.18306102034011337,0.04787183468939325,847.3390999152729,0.09966661771286281,1,1856,1.0,0.18341064453125,4000.0,0.5
sand,30504,20.913804175451304,0.21040346782260755,0.05184906202785998,843.088740334618,0.10425156410596986,2,1770,0.9997010239928246,0.18341064453125,4000.0,0.5
sand,30700,29.328214068641714,0.16038679559853283,0.01883703935923559,994.6686919831149,0.045593244429858036,1,1853,1.0,0.18341064453125,4000.0,0.7
sand,30701,22.093220399967095,0.19706568856285428,0.023953316749726523,999.1990717894078,0.053781870904167924,4,1825,0.9970102399282458,0.18341064453125,4000.0,0.7
sand,30702,28.647891005175886,0.17405801933977993,0.02435200136191825,1005.4596214893484,0.056192512646792,1,1766,1.0,0.18341064453125,4000.0,0.7
sand,30703,29.69561434866933,0.17339113037679227,0.021099536449205626,995.4585027323948,0.050903856373147635,2,1803,0.9997010239928246,0.18341064453125,4000.0,0.7
sand,30704,31.023389933399464,0.15171723907969323,0.02141120061548419,995.1700463374259,0.052807416363868695,2,1836,0.9996262799910307,0.18341064453125,4000.0,0.7
sand,30850,39.180465705513924,0.14938312770923642,0.004166995105440474,1074.9606403453697,0.01639552977105665,3,1883,0.9991778159802676,0.18341064453125,4000.0,0.85
sand,30851,32.66183984307239,0.17239079693231077,0.00805786607986031,1106.9858031125596,0.022973572051946067,2,1869,1.0,0.18341064453125,4000.0,0.85
sand,30852,22.002945119988013,0.22507502500833612,0.00908631996035854,1140.1730681553986,0.037709024476991856,2,1792,0.9999252559982061,0.18341064453125,4000.0,0.85
sand,30853,37.16335955669027,0.14938312770923642,0.004375052378542435,1089.7753686399865,0.017496946814057147,4,1858,0.999476791987443,0.18341064453125,4000.0,0.85
sand,30854,35.79077371612414,0.1557185728576192,0.004030118249478885,1089.3240163206337,0.016569504447389687,4,1867,0.9972344719336274,0.18341064453125,4000.0,0.85
sand,30970,42.128396623280175,0.14638212737579193,0.0010136464276928943,1187.0538778728876,0.008100287706304363,2,1817,0.9996262799910307,0.18341064453125,4000.0,0.97
sand,30971,40.78218507548905,0.15471823941313773,0.0010532729465044018,1192.8881279199593,0.008243476244092548,1,1842,1.0,0.18341064453125,4000.0,0.97
sand,30972,36.7655611822356,0.16872290763587863,0.000893072372827091,1199.8131313734532,0.008016987271910631,3,1856,0.999476791987443,0.18341064453125,4000.0,0.97
sand,30973,45.237457571526164,0.1353784594864955,0.0009030702618930667,1178.3733577097735,0.00849447285410623,1,1822,1.0,0.18341064453125,4000.0,0.97
sand,30974,45.05388360270525,0.14738246082027343,0.000909202532712365,1182.7229083521001,0.008037045627801238,2,1825,1.0,0.18341064453125,4000.0,0.97
