soil,metric,mean,sd,n
Sand,R_peak,35.16513528458828,8.933462758164968,40
Sand,peak_frac,0.16690563521173724,0.022304311508079915,40
Sand,R_end_over_peak,0.021273179504431677,0.12163661058718762,40
Sand,cum_co2_final,1195.9641915756256,39.05947019210561,40
Sand,late_over_early,0.04406535349262629,0.17884465628664054,40
Vertisol,R_peak,3.635718796337071,0.37114868708178106,40
Vertisol,peak_frac,0.9914609739826551,0.022714566333456275,40
Vertisol,R_end_over_peak,0.9996194233242381,0.001235311655160455,40
Vertisol,cum_co2_final,149.54920022012385,16.52940982053909,40
Vertisol,late_over_early,9.215690650300129,1.063949163889994,40
