Diameter_px,Diameter_um,Volume_Count,Cumulative_Porosity,Differential_PSD,Surface_Area_um2,Euler_Number,Connectivity_Density_per_mm3,Connectivity_Probability_Gamma,Degree_of_Anisotropy,Tortuosity_Axis0,Tortuosity_Axis1,Tortuosity_Axis2,PSD_30_150um_Volume_Fraction
0.38122590790447014,2.23017156124115,0,0.0,0.0,342615193.2376333,-65340,326.3709772585515,0.9273409701723808,0.12270488167253057,nan,nan,nan,0.7320852416692717
0.4689732576027895,2.743493556976318,0,0.0,0.0,806383720.038434,-65340,326.3709772585515,0.9273409701723808,0.12270488167253057,nan,nan,nan,0.7320852416692717
0.5769175342005544,3.374967575073242,0,0.0,0.0,96441713.95119208,-65340,326.3709772585515,0.9273409701723808,0.12270488167253057,nan,nan,nan,0.7320852416692717
0.7097074924371183,4.151788830757141,0,0.0,0.0,1950473421.7569335,-65340,326.3709772585515,0.9273409701723808,0.12270488167253057,nan,nan,nan,0.7320852416692717
0.8730619381635619,5.107412338256836,0,0.0,0.0,387179529.27313864,-65340,326.3709772585515,0.9273409701723808,0.12270488167253057,nan,nan,nan,0.7320852416692717
1.0740159515641696,6.282993316650391,0,0.0,0.0,2158189334.329273,-65340,326.3709772585515,0.9273409701723808,0.12270488167253057,nan,nan,nan,0.7320852416692717
1.321223862150796,7.729159593582154,0,0.0,0.0,1557883864.7768464,-65340,326.3709772585515,0.9273409701723808,0.12270488167253057,nan,nan,nan,0.7320852416692717
1.6253319764748602,9.50819206237793,0,0.0,0.0,1309793771.687334,-65340,326.3709772585515,0.9273409701723808,0.12270488167253057,nan,nan,nan,0.7320852416692717
1.9994370550171947,11.696706771850586,3995172,0.014853335187881693,0.006152011558375041,934718169.1563058,-65340,326.3709772585515,0.9273409701723808,0.12270488167253057,nan,nan,nan,0.7320852416692717
2.459650447225979,14.388955116271973,0,0.014853335187881693,0.0,640491528.249604,-65340,326.3709772585515,0.9273409701723808,0.12270488167253057,nan,nan,nan,0.7320852416692717
3.0257919507148943,17.70088291168213,9154429,0.04888786546359063,0.009314969766467106,456233073.2197684,-65340,326.3709772585515,0.9273409701723808,0.12270488167253057,nan,nan,nan,0.7320852416692717
3.722243186755059,21.77512264251709,11256226,0.09073650119906054,0.009310592684801215,259167908.60977817,-65340,326.3709772585515,0.9273409701723808,0.12270488167253057,nan,nan,nan,0.7320852416692717
4.578997457129325,26.787135124206543,25412143,0.18521430536403302,0.01708678410152022,147479330.73942816,-65340,326.3709772585515,0.9273409701723808,0.12270488167253057,nan,nan,nan,0.7320852416692717
5.089895786383215,29.7758903503418,0,0.18521430536403302,0.0,6333988.5821026955,-65340,326.3709772585515,0.9273409701723808,0.12270488167253057,nan,nan,nan,0.7320852416692717
5.671261518429489,33.17687988281251,22128106,0.26748264712528286,0.012947978015526582,76240208.79271147,-65340,326.3709772585515,0.9273409701723808,0.12270488167253057,nan,nan,nan,0.7320852416692717
6.929497352013223,40.537559509277344,27121138,0.36831418914419856,0.012050235216431806,32806361.79285183,-65340,326.3709772585515,0.9273409701723808,0.12270488167253057,nan,nan,nan,0.7320852416692717
8.524470207018732,49.86815071105957,32466094,0.4890173219312912,0.011726056298281697,9366618.250692215,-65340,326.3709772585515,0.9273409701723808,0.12270488167253057,nan,nan,nan,0.7320852416692717
10.486560723720455,61.34638023376465,31967065,0.6078651541191924,0.009385532242103293,3403041.0329514877,-65340,326.3709772585515,0.9273409701723808,0.12270488167253057,nan,nan,nan,0.7320852416692717
12.9002680330195,75.46656799316406,29560521,0.7177658859879118,0.007055094602780131,1396442.738848079,-65340,326.3709772585515,0.9273409701723808,0.12270488167253057,nan,nan,nan,0.7320852416692717
15.869542309361648,92.83682250976562,23067134,0.8035253659616858,0.00447526153610314,nan,-65340,326.3709772585515,0.9273409701723808,0.12270488167253057,nan,nan,nan,0.7320852416692717
19.522259051983177,114.20521545410156,18764283,0.8732876152363779,0.0029593158325298837,nan,-65340,326.3709772585515,0.9273409701723808,0.12270488167253057,nan,nan,nan,0.7320852416692717
23.58906868176583,137.99605178833008,11838098,0.9172995470333047,0.0018332273274113107,nan,-65340,326.3709772585515,0.9273409701723808,0.12270488167253057,nan,nan,nan,0.7320852416692717
26.067683554103237,152.4959487915039,2142789,0.9252660534199899,0.001595887386352397,nan,-65340,326.3709772585515,0.9273409701723808,0.12270488167253057,nan,nan,nan,0.7320852416692717
29.543463552100036,172.82926177978518,9039108,0.9588718408362671,0.0009420054175478648,nan,-65340,326.3709772585515,0.9273409701723808,0.12270488167253057,nan,nan,nan,0.7320852416692717
36.34352724776309,212.60963439941403,6399660,0.9826646325029285,0.0005421497182192095,nan,-65340,326.3709772585515,0.9273409701723808,0.12270488167253057,nan,nan,nan,0.7320852416692717
44.70877101278714,261.5463104248047,3222596,0.9946456682538616,0.00022192308076369205,nan,-65340,326.3709772585515,0.9273409701723808,0.12270488167253057,nan,nan,nan,0.7320852416692717
54.999457465277786,321.746826171875,877385,0.9979076288137122,4.9115780962606026e-05,nan,-65340,326.3709772585515,0.9273409701723808,0.12270488167253057,nan,nan,nan,0.7320852416692717
67.65876704811032,395.8037872314453,562795,1.0,2.561034764627918e-05,nan,-65340,326.3709772585515,0.9273409701723808,0.12270488167253057,nan,nan,nan,0.7320852416692717
83.23188716529782,486.90653991699213,0,1.0,0.0,nan,-65340,326.3709772585515,0.9273409701723808,0.12270488167253057,nan,nan,nan,0.7320852416692717
102.38949506710739,598.9785461425781,0,1.0,0.0,nan,-65340,326.3709772585515,0.9273409701723808,0.12270488167253057,nan,nan,nan,0.7320852416692717
125.95663999899841,736.8463439941405,0,1.0,0.0,nan,-65340,326.3709772585515,0.9273409701723808,0.12270488167253057,nan,nan,nan,0.7320852416692717
154.94827140090814,906.4473876953124,0,1.0,0.0,nan,-65340,326.3709772585515,0.9273409701723808,0.12270488167253057,nan,nan,nan,0.7320852416692717
