variant,soil,theta,grid_n,R_peak,R_end,cum_co2_final,B_final_over_B0,outcome,curve_shape,P1,P2,P3,P4,period_shape_model,period_shape_experiment,habitat_fraction,wet_habitat_fraction,habitat_wet_share,isolation_ratio,n_clusters,mean_S_habitat_final,mean_S_habitat_timeavg,matrix_fraction,solid_fraction,porous_matrix_fraction,habitat_count,mean_habitat_count_t
A,Loess,0.5,128,0.4,0.06263625900718761,4.36966084970475,0.052600267476059136,declining,falling,0.3076698947028832,0.16448562745488443,0.09312017556083178,0.0649035408483384,falling,erratic,0.53582763671875,0.03582763671875,0.06686410752933136,0.003662109375,30,0.003553186310096231,0.002003789196812995,,,,,
A,Loess,0.6,128,0.4,0.10671592696149702,5.00598393512664,0.07214228922627576,declining,falling,0.3112852059411777,0.17966817886059375,0.11724868126404611,0.09974351810105492,falling,erratic,0.53582763671875,0.13580322265625,0.2534457227474655,0.0013224821973550356,13,0.006239569955331287,0.0031527780389656325,,,,,
A,Loess,0.6,40,1.3111913281054912,1.3111913281054912,28.244663980644248,0.7237422619200634,thriving,rising,0.49251337812143675,0.7384633872726105,1.1069305498077664,1.2740293314888138,rising,erratic,0.535625,0.135625,0.2532088681446908,0.003125,3,0.009935081872216036,0.009762101957183784,,,,,
A,Loess,0.7,128,0.4,0.10434474482436332,5.142644021611388,0.07380638329906244,declining,falling,0.312989019656263,0.18611810798706718,0.12465615731189932,0.10278280959058737,falling,erratic,0.53582763671875,0.23583984375,0.4401412461555986,0.0006103409189990409,7,0.007933689241438136,0.003824948902736437,,,,,
A,Sand,0.5,128,3.626194834539783,3.626194834539783,43.3614326932236,1.5895095035172249,thriving,rising,0.42614358191654844,0.5445305982539888,1.2191397844354592,2.913348770907967,rising,falling,0.95452880859375,0.45452880859375,0.47618134151799985,0.0037841796875,31,0.013769319306961517,0.009730250224338292,,,,,
A,Sand,0.6,128,3.3949003355757092,3.3949003355757092,41.03709867249971,1.4854547962418492,thriving,rising,0.42606000189586685,0.5387604409200187,1.1680756083997943,2.7162201483365607,rising,falling,0.95452880859375,0.55450439453125,0.5809194961314662,0.0016276703967446592,16,0.014347092420830284,0.009856305415041833,,,,,
A,Sand,0.6,40,4.716057530902844,3.1097555113001745,104.9705979344311,2.256663201170527,thriving,rising,1.7970810771954528,4.448693904926598,4.053132709738676,3.4279763973413537,erratic,falling,0.954375,0.554375,0.5808775376555337,0.004166666666666667,4,0.01810850984955126,0.019341945064382148,,,,,
A,Sand,0.7,128,3.2102417557456464,3.2102417557456464,39.412634142472854,1.4106488020328445,thriving,rising,0.42595001043951924,0.5346932532785278,1.1339375954867876,2.5775762480686786,rising,falling,0.95452880859375,0.654541015625,0.6857215934522668,0.0006975324788560468,8,0.014757105096031837,0.009941556473652434,,,,,
A,Vertisol,0.5,128,2.929244814177578,2.929244814177578,30.401700113722704,1.10504133315071,thriving,rising,0.42751763577974916,0.48347095820893493,0.7651950849237286,1.9377656123830358,rising,rising,0.92266845703125,0.42266845703125,0.4580935370774625,0.0028076171875,23,0.017235646041742738,0.011451340277284505,,,,,
A,Vertisol,0.6,128,2.6247646287350337,2.6247646287350337,28.24772102010571,0.9993498537671865,thriving,rising,0.42742987901825574,0.4782397891175102,0.7283364226861786,1.7487204896939,rising,rising,0.92266845703125,0.52264404296875,0.5664483693854601,0.0014242115971515768,14,0.017854850439827354,0.011584229687069353,,,,,
A,Vertisol,0.6,40,5.3751963759183745,3.0965487732890384,112.56792926646523,2.1523074757894833,thriving,flat,1.8543664702204234,4.965350918091511,4.391394265857643,3.5370557505264686,erratic,rising,0.9225,0.5225,0.5663956639566395,0.004166666666666667,4,0.014524363397214355,0.022246939316070722,,,,,
A,Vertisol,0.7,128,2.411795454939549,2.411795454939549,26.87774958690998,0.9303514909666106,thriving,rising,0.42737118284919295,0.47492486476379214,0.7062882846107544,1.6276393864039955,rising,rising,0.92266845703125,0.6226806640625,0.6748693523847324,0.0006103409189990409,7,0.018256806576969722,0.011666135713960848,,,,,
