time,R_t,cumulative_co2
0.000000000000000000e+00,4.000000000000000222e-01,2.000000000000000389e-02
5.000000000000000278e-02,5.203756155685842488e-01,4.601878077842921910e-02
1.000000000000000056e-01,6.325555484356497615e-01,7.764655820021171273e-02
1.500000000000000222e-01,7.378385161704820172e-01,1.145384840087358136e-01
2.000000000000000111e-01,8.372515414747161433e-01,1.564010610824716208e-01
2.500000000000000000e-01,9.316241571958745471e-01,2.029822689422653426e-01
3.000000000000000444e-01,1.021638043222281134e+00,2.540641711033794214e-01
3.500000000000000333e-01,1.107861518469832385e+00,3.094572470268710518e-01
4.000000000000000222e-01,1.190774254141718558e+00,3.689959597339569908e-01
4.500000000000000111e-01,1.270785433510996265e+00,4.325352314095067818e-01
5.000000000000000000e-01,1.348247382783862136e+00,4.999476005486999108e-01
5.500000000000000444e-01,1.423465990261365555e+00,5.711209000617681886e-01
6.000000000000000888e-01,1.496708797021987447e+00,6.459563399128676053e-01
6.500000000000000222e-01,1.568211366791805172e+00,7.243669082524578640e-01
7.000000000000000666e-01,1.638182362514037260e+00,8.062760263781597603e-01
7.500000000000000000e-01,1.706807636321552968e+00,8.916164081942373754e-01
8.000000000000000444e-01,1.774253556784286312e+00,9.803290860334517021e-01
8.500000000000000888e-01,1.840669739382848835e+00,1.072362573002594077e+00
9.000000000000000222e-01,1.906191304941702303e+00,1.167672138249679303e+00
9.500000000000000666e-01,1.970940760957473614e+00,1.266219176297552984e+00
1.000000000000000000e+00,2.035029578906994541e+00,1.367970655242902733e+00
1.050000000000000044e+00,2.098559524387016317e+00,1.472898631462253638e+00
1.100000000000000089e+00,2.161623784734964637e+00,1.580979820699001781e+00
1.150000000000000133e+00,2.224307929506710746e+00,1.692195217174337296e+00
1.200000000000000178e+00,2.286690732069030396e+00,1.806529753777788905e+00
1.250000000000000000e+00,2.348844875049502789e+00,1.923971997530264044e+00
1.300000000000000044e+00,2.410837558077076004e+00,2.044513875434117889e+00
1.350000000000000089e+00,2.472731022851911042e+00,2.168150426576713308e+00
1.400000000000000133e+00,2.534583007889280815e+00,2.294879576971177393e+00
1.450000000000000178e+00,2.596447143129681390e+00,2.424701934127661662e+00
1.500000000000000000e+00,2.658373292876038185e+00,2.557620598771463527e+00
1.550000000000000044e+00,2.720407854118093383e+00,2.693640991477368019e+00
1.600000000000000089e+00,2.782594016164233075e+00,2.832770692285579539e+00
1.650000000000000133e+00,2.844971986568720634e+00,2.975019291614015682e+00
1.700000000000000178e+00,2.907579187576049939e+00,3.120398250992818312e+00
1.750000000000000000e+00,2.970450426671514599e+00,3.268920772326393998e+00
1.800000000000000044e+00,3.033618044302705652e+00,3.420601674541529302e+00
1.850000000000000089e+00,3.097112041400366778e+00,3.575457276611547552e+00
1.900000000000000133e+00,3.160960188962829598e+00,3.733505286059688899e+00
1.950000000000000178e+00,3.225188121663449703e+00,3.894764692142861584e+00
2.000000000000000000e+00,3.289819417184649097e+00,4.059255663002094394e+00
2.050000000000000266e+00,3.354875662767224487e+00,4.226999446140455419e+00
2.100000000000000089e+00,3.420376510282619797e+00,4.398018271654586364e+00
2.149999999999999911e+00,3.486339720983552937e+00,4.572335257703763922e+00
2.200000000000000178e+00,3.552781200960112074e+00,4.749974317751769703e+00
2.250000000000000000e+00,3.619715028220642061e+00,4.930960069162801496e+00
2.300000000000000266e+00,3.687153472226258888e+00,5.115317742774114329e+00
2.350000000000000089e+00,3.755107006632217193e+00,5.303073093105725277e+00
2.400000000000000355e+00,3.823584315926486177e+00,5.494252308902049187e+00
2.450000000000000178e+00,3.892592296603953450e+00,5.688881923732246548e+00
2.500000000000000000e+00,3.962136053472251618e+00,5.886988726405858685e+00
2.550000000000000266e+00,4.032218891650982684e+00,6.088599670988408263e+00
2.600000000000000089e+00,4.102842304799008133e+00,6.293741786228358670e+00
2.650000000000000355e+00,4.174005960083595035e+00,6.502442084232538555e+00
2.700000000000000178e+00,4.245707680389710248e+00,6.714727468252023712e+00
2.750000000000000000e+00,4.317943424256894147e+00,6.930624639464868508e+00
2.800000000000000266e+00,4.390707264024383605e+00,7.150160002666087422e+00
2.850000000000000089e+00,4.463991362661769102e+00,7.373359570799175700e+00
2.900000000000000355e+00,4.537785949762086268e+00,7.600248868287279969e+00
2.950000000000000178e+00,4.612079297176244097e+00,7.830852833146091818e+00
3.000000000000000000e+00,4.686857694771655147e+00,8.065195717884675375e+00
3.050000000000000266e+00,4.762105426803486807e+00,8.303300989224849715e+00
3.100000000000000089e+00,4.837804749393486148e+00,8.545191226694523579e+00
3.150000000000000355e+00,4.913935869618664576e+00,8.790888020175456674e+00
3.200000000000000178e+00,4.990476926719566997e+00,9.040411866511435690e+00
3.250000000000000000e+00,5.067403975945255823e+00,9.293782065308699103e+00
3.300000000000000266e+00,5.144690975558860124e+00,9.551016614086641709e+00
3.350000000000000089e+00,5.222309777533300057e+00,9.812132102963307290e+00
3.400000000000000355e+00,5.300230122471129235e+00,1.007714360908686402e+01
3.450000000000000178e+00,5.378419639284922837e+00,1.034606459105111043e+01
3.500000000000000000e+00,5.456843850174856847e+00,1.061890678355985251e+01
3.550000000000000266e+00,5.535466181437636024e+00,1.089568009263173387e+01
3.600000000000000089e+00,5.614247980635428625e+00,1.117639249166350446e+01
3.650000000000000355e+00,5.693148540644343392e+00,1.146104991869572132e+01
3.700000000000000178e+00,5.772125131089074657e+00,1.174965617525017514e+01
3.750000000000000000e+00,5.851133037653135638e+00,1.204221282713283259e+01
3.800000000000000266e+00,5.930125609732236569e+00,1.233871910761944513e+01
3.850000000000000089e+00,6.009054316871633716e+00,1.263917182346302681e+01
3.900000000000000355e+00,6.087868814396240502e+00,1.294356526418283870e+01
3.950000000000000178e+00,6.166517018604782407e+00,1.325189111511307871e+01
4.000000000000000000e+00,6.244945191856079880e+00,1.356413837470588213e+01
4.049999999999999822e+00,6.323098037826478723e+00,1.388029327659720558e+01
4.100000000000000533e+00,6.400918807162339519e+00,1.420033921695532264e+01
4.150000000000000355e+00,6.478349413690477121e+00,1.452425668763984667e+01
4.200000000000000178e+00,6.555330561282333157e+00,1.485202321570396400e+01
4.250000000000000000e+00,6.631801881394651765e+00,1.518361330977369583e+01
4.299999999999999822e+00,6.707702081230749513e+00,1.551899841383523260e+01
4.350000000000000533e+00,6.782969102382157445e+00,1.585814686895434100e+01
4.400000000000000355e+00,6.857540289721079318e+00,1.620102388344039568e+01
4.450000000000000178e+00,6.931352570219927678e+00,1.654759151195139211e+01
4.500000000000000000e+00,7.004342641275812298e+00,1.689780864401518201e+01
4.549999999999999822e+00,7.076447168015849165e+00,1.725163100241597292e+01
4.600000000000000533e+00,7.147602988954165681e+00,1.760901115186367960e+01
4.650000000000000355e+00,7.217747329264380340e+00,1.796989851832690022e+01
4.700000000000000178e+00,7.286818020822955155e+00,1.833423941936804624e+01
4.750000000000000000e+00,7.354753728070159369e+00,1.870197710577155448e+01
4.800000000000000711e+00,7.421494178627527916e+00,1.907305181470293221e+01
4.850000000000000533e+00,7.486980397504875206e+00,1.944740083457817548e+01
4.900000000000000355e+00,7.551154943627286897e+00,1.982495858175953884e+01
4.950000000000000178e+00,7.613962147314564000e+00,2.020565668912526647e+01
5.000000000000000000e+00,7.675348347253703629e+00,2.058942410648795018e+01
5.050000000000000711e+00,7.735262125420724111e+00,2.097618721275898679e+01
5.100000000000000533e+00,7.793654538333059989e+00,2.136586993967564041e+01
5.150000000000000355e+00,7.850479342949598482e+00,2.175839390682311958e+01
5.200000000000000178e+00,7.905693215483826641e+00,2.215367856759731069e+01
5.250000000000000000e+00,7.959255961358257636e+00,2.255164136566522259e+01
5.300000000000000711e+00,8.011130714507116224e+00,2.295219790139057991e+01
5.350000000000000533e+00,8.061284124230692072e+00,2.335526210760211541e+01
5.400000000000000355e+00,8.109686527820755941e+00,2.376074643399315178e+01
5.450000000000000178e+00,8.156312107213040008e+00,2.416856203935380520e+01
5.500000000000000000e+00,8.201139027981898977e+00,2.457861899075290069e+01
5.550000000000000711e+00,8.244149559074488209e+00,2.499082646870662572e+01
5.600000000000000533e+00,8.285330171788466203e+00,2.540509297729605009e+01
5.650000000000000355e+00,8.324671616628460669e+00,2.582132655812747402e+01
5.700000000000000178e+00,8.362168976832760947e+00,2.623943500696911357e+01
5.750000000000000000e+00,8.397821697542413588e+00,2.665932609184623558e+01
5.800000000000000711e+00,8.431633589789178984e+00,2.708090777133569560e+01
5.850000000000000533e+00,8.463612808705487822e+00,2.750408841177096875e+01
5.900000000000000355e+00,8.493771805606135317e+00,2.792877700205127667e+01
5.950000000000000178e+00,8.522127253855732221e+00,2.835488336474406168e+01
6.000000000000000000e+00,8.548699948714167718e+00,2.878231836217976891e+01
6.050000000000000711e+00,8.573514681640837409e+00,2.921099409626181043e+01
6.100000000000000533e+00,8.596600089832477920e+00,2.964082410075343432e+01
6.150000000000000355e+00,8.617988482064131261e+00,3.007172352485664035e+01
6.200000000000000178e+00,8.637715642192484111e+00,3.050360930696626482e+01
6.250000000000000000e+00,8.655820611960145072e+00,3.093640033756427243e+01
6.300000000000000711e+00,8.672345455001948977e+00,3.137001761031437042e+01
6.350000000000000533e+00,8.687335004194945753e+00,3.180438436052411788e+01
6.400000000000000355e+00,8.700836594706139238e+00,3.223942619025942236e+01
6.450000000000000178e+00,8.712899785271652320e+00,3.267507117952300177e+01
6.500000000000000000e+00,8.723576070382797809e+00,3.311124998304214273e+01
6.550000000000000711e+00,8.732918586155244967e+00,3.354789591234990809e+01
6.600000000000000533e+00,8.740981812713913612e+00,3.398494500298560439e+01
6.650000000000000355e+00,8.747821275936969343e+00,3.442233606678244939e+01
6.700000000000000178e+00,8.753493251366693428e+00,3.486001072935078327e+01
6.750000000000000000e+00,8.758054473013753949e+00,3.529791345300147043e+01
6.800000000000000711e+00,8.761561849656587242e+00,3.573599154548429624e+01
6.850000000000000533e+00,8.764072191071964113e+00,3.617419515503789285e+01
6.900000000000000355e+00,8.765641946431095732e+00,3.661247725235944728e+01
6.950000000000000178e+00,8.766326956862080522e+00,3.705079360020255308e+01
7.000000000000000000e+00,8.766182223920905514e+00,3.748910271139860129e+01
7.050000000000000711e+00,8.765261695435063061e+00,3.792736579617035630e+01
7.100000000000000533e+00,8.763618069893322371e+00,3.836554669966502473e+01
7.150000000000000355e+00,8.761302620258941687e+00,3.880361183067797270e+01
7.200000000000000178e+00,8.758365037788031771e+00,3.924153008256737252e+01
7.250000000000000000e+00,8.754853296146297481e+00,3.967927274737468935e+01
7.300000000000000711e+00,8.750813535841661661e+00,4.011681342416677154e+01
7.350000000000000533e+00,8.746289968732140707e+00,4.055412792260337795e+01
7.400000000000000355e+00,8.741324802132236726e+00,4.099119416270998784e+01
7.450000000000000178e+00,8.735958181830106639e+00,4.142799207180149068e+01
7.500000000000000000e+00,8.730228153144301118e+00,4.186450347945870476e+01
7.550000000000000711e+00,8.724170638994568350e+00,4.230071201140843584e+01
7.600000000000000533e+00,8.717819433836460519e+00,4.273660298310026207e+01
7.650000000000000355e+00,8.711206212214088751e+00,4.317216329371096606e+01
7.700000000000000178e+00,8.704360550618693182e+00,4.360738132124190258e+01
7.750000000000000000e+00,8.697309961300661030e+00,4.404224681930693919e+01
7.800000000000000711e+00,8.690079936667839178e+00,4.447675081614033132e+01
7.850000000000000533e+00,8.682694002910423592e+00,4.491088551628585179e+01
7.900000000000000355e+00,8.675173781520239658e+00,4.534464420536186680e+01
7.950000000000000178e+00,8.667539057416561832e+00,4.577802115823269702e+01
8.000000000000000000e+00,8.659807852449358023e+00,4.621101155085516154e+01
8.050000000000000711e+00,8.651996503120725990e+00,4.664361137601120078e+01
8.099999999999999645e+00,8.644119741443972771e+00,4.707581736308340226e+01
8.150000000000000355e+00,8.636190777944555919e+00,4.750762690198062899e+01
8.200000000000001066e+00,8.628221385895571416e+00,4.793903797127541111e+01
8.250000000000000000e+00,8.620221985970836442e+00,4.837004907057395542e+01
8.300000000000000711e+00,8.612201730588795456e+00,4.880065915710339652e+01
8.349999999999999645e+00,8.604168587309036553e+00,4.923086758646884675e+01
8.400000000000000355e+00,8.596129420728932047e+00,4.966067405750529673e+01
8.450000000000001066e+00,8.588090072409684694e+00,5.009007856112577883e+01
8.500000000000000000e+00,8.580055438438161985e+00,5.051908133304768711e+01
8.550000000000000711e+00,8.572029544302679938e+00,5.094768281026281898e+01
8.599999999999999645e+00,8.564015616827138189e+00,5.137588359110417713e+01
8.650000000000000355e+00,8.556016152968222599e+00,5.180368439875258701e+01
8.700000000000001066e+00,8.548032985334824474e+00,5.223108604801932842e+01
8.750000000000000000e+00,8.540067344337504807e+00,5.265808941523620490e+01
8.800000000000000711e+00,8.532119916918645686e+00,5.308469541108213718e+01
8.849999999999999645e+00,8.524190901851593338e+00,5.351090495617471987e+01
8.900000000000000355e+00,8.516280061629275977e+00,5.393671895925618287e+01
8.950000000000001066e+00,8.508386770990416181e+00,5.436213829780570705e+01
9.000000000000000000e+00,8.500510062154576829e+00,5.478716380091343296e+01
9.050000000000000711e+00,8.492648666856176476e+00,5.521179623425624072e+01
9.099999999999999645e+00,8.484801055283075044e+00,5.563603628702039572e+01
9.150000000000000355e+00,8.476965472037266025e+00,5.605988456062225822e+01
9.200000000000001066e+00,8.469139969244274369e+00,5.648334155908447229e+01
9.250000000000000000e+00,8.461322436944367809e+00,5.690640768093169299e+01
9.300000000000000711e+00,8.453510630902831835e+00,5.732908321247683148e+01
9.349999999999999645e+00,8.445702197978798509e+00,5.775136832237576812e+01
9.400000000000000355e+00,8.437894699192669989e+00,5.817326305733540437e+01
9.450000000000001066e+00,8.430085630631291238e+00,5.859476733886696564e+01
9.500000000000000000e+00,8.422272442327933817e+00,5.901588096098335967e+01
9.550000000000000711e+00,8.414452555251154209e+00,5.943660358874591765e+01
9.600000000000001421e+00,8.406623376532756708e+00,5.985693475757255300e+01
9.650000000000000355e+00,8.398782313060554117e+00,6.027687387322558266e+01
9.700000000000001066e+00,8.390926783556864166e+00,6.069642021240342444e+01
9.750000000000000000e+00,8.383054229258217305e+00,6.111557292386633833e+01
9.800000000000000711e+00,8.375162123306415296e+00,6.153433103003165883e+01
9.850000000000001421e+00,8.367247978955285603e+00,6.195269342897942266e+01
9.900000000000000355e+00,8.359309356691912996e+00,6.237065889681402098e+01
9.950000000000001066e+00,8.351343870365282029e+00,6.278822609033228730e+01
1.000000000000000000e+01,8.343349192409721837e+00,6.320539354995277392e+01
1.005000000000000071e+01,8.335323058244977545e+00,6.362215970286501943e+01
1.010000000000000142e+01,8.327263269929296996e+00,6.403852286636148960e+01
1.015000000000000036e+01,8.319167699136757577e+00,6.445448125131832739e+01
1.020000000000000107e+01,8.311034289525006002e+00,6.487003296579457867e+01
1.025000000000000000e+01,8.302861058554722007e+00,6.528517601872231069e+01
1.030000000000000071e+01,8.294646098817572977e+00,6.569990832366319466e+01
1.035000000000000142e+01,8.286387578925035413e+00,6.611422770260944048e+01
1.040000000000000036e+01,8.278083744006291766e+00,6.652813188980975667e+01
1.045000000000000107e+01,8.269732915859529854e+00,6.694161853560272846e+01
1.050000000000000000e+01,8.261333492797280798e+00,6.735468521024259303e+01
1.055000000000000071e+01,8.252883949222990623e+00,6.776732940770374114e+01
1.060000000000000142e+01,8.244382834972739715e+00,6.817954854945237742e+01
1.065000000000000036e+01,8.235828774453098688e+00,6.859133998817503652e+01
1.070000000000000107e+01,8.227220465603165778e+00,6.900270101145520130e+01
1.075000000000000000e+01,8.218556678706345764e+00,6.941362884539051947e+01
1.080000000000000071e+01,8.209836255074918654e+00,6.982412065814426683e+01
1.085000000000000142e+01,8.201058105628227679e+00,7.023417356342568496e+01
1.090000000000000036e+01,8.192221209383244940e+00,7.064378462389484525e+01
1.095000000000000107e+01,8.183324611874347454e+00,7.105295085448855730e+01
1.100000000000000000e+01,8.174367423517384879e+00,7.146166922566442281e+01
1.105000000000000071e+01,8.165348817931505465e+00,7.186993666656100288e+01
1.110000000000000142e+01,8.156268030230691579e+00,7.227775006807253533e+01
1.115000000000000036e+01,8.147124355295646936e+00,7.268510628583732114e+01
1.120000000000000107e+01,8.137917146035386295e+00,7.309200214313908361e+01
1.125000000000000000e+01,8.128645811646777020e+00,7.349843443372142815e+01
1.130000000000000071e+01,8.119309815879242720e+00,7.390439992451538842e+01
1.135000000000000142e+01,8.109908675310908421e+00,7.430989535828094006e+01
1.140000000000000036e+01,8.100441957641573154e+00,7.471491745616302182e+01
1.145000000000000107e+01,8.090909280007226201e+00,7.511946292016338589e+01
1.150000000000000000e+01,8.081310307320006103e+00,7.552352843552938566e+01
1.155000000000000071e+01,8.071644750636970400e+00,7.592711067306123596e+01
1.160000000000000142e+01,8.061912365560443661e+00,7.633020629133925183e+01
1.165000000000000036e+01,8.052112950672187353e+00,7.673281193887285667e+01
1.170000000000000107e+01,8.042246346003260271e+00,7.713492425617302217e+01
1.175000000000000000e+01,8.032312431540923114e+00,7.753653987775007295e+01
1.180000000000000071e+01,8.022311125773679663e+00,7.793765543403875995e+01
1.185000000000000142e+01,8.012242384275209517e+00,7.833826755325252122e+01
1.190000000000000036e+01,8.002106198327602726e+00,7.873837286316890527e+01
1.195000000000000107e+01,7.991902593584173431e+00,7.913796799284811812e+01
1.200000000000000000e+01,7.981631628771815201e+00,7.953704957428671207e+01
1.205000000000000071e+01,7.971293394432723112e+00,7.993561424400834881e+01
1.210000000000000142e+01,7.960888011705150369e+00,8.033365864459361205e+01
1.215000000000000036e+01,7.950415631142696782e+00,8.073117942615074583e+01
1.220000000000000107e+01,7.939876431571532223e+00,8.112817324772932182e+01
1.225000000000000000e+01,7.929270618984873842e+00,8.152463677867856973e+01
1.230000000000000071e+01,7.918598425473899916e+00,8.192056669995226059e+01
1.235000000000000142e+01,7.907860108194279647e+00,8.231595970536197626e+01
1.240000000000000036e+01,7.897055948367388112e+00,8.271081250278034247e+01
1.245000000000000107e+01,7.886186250315283530e+00,8.310512181529610132e+01
1.250000000000000000e+01,7.875251340528451216e+00,8.349888438232252952e+01
1.255000000000000071e+01,7.864251566765296353e+00,8.389209696066079402e+01
1.260000000000000142e+01,7.853187297182424587e+00,8.428475632551992192e+01
1.265000000000000036e+01,7.842058919494612645e+00,8.467685927149464931e+01
1.270000000000000107e+01,7.830866840163501763e+00,8.506840261350282617e+01
1.275000000000000000e+01,7.819611483613973846e+00,8.545938318768352815e+01
1.280000000000000071e+01,7.808293291477193421e+00,8.584979785225738169e+01
1.285000000000000142e+01,7.796912721859336592e+00,8.623964348835035310e+01
1.290000000000000036e+01,7.785470248635013135e+00,8.662891700078210988e+01
1.295000000000000107e+01,7.773966360764434924e+00,8.701761531882033296e+01
1.300000000000000000e+01,7.762401561633384794e+00,8.740573539690200278e+01
1.305000000000000071e+01,7.750776368415084328e+00,8.779327421532275366e+01
1.310000000000000142e+01,7.739091311453067057e+00,8.818022878089540484e+01
1.315000000000000036e+01,7.727346933664213324e+00,8.856659612757862021e+01
1.320000000000000107e+01,7.715543789961098575e+00,8.895237331707667749e+01
1.325000000000000000e+01,7.703682446692874386e+00,8.933755743941132721e+01
1.330000000000000071e+01,7.691763481103906841e+00,8.972214561346652317e+01
1.335000000000000142e+01,7.679787480809426192e+00,9.010613498750699080e+01
1.340000000000000036e+01,7.667755043287488803e+00,9.048952273967137216e+01
1.345000000000000107e+01,7.655666775386565703e+00,9.087230607844070107e+01
1.350000000000000000e+01,7.643523292848105832e+00,9.125448224308310330e+01
1.355000000000000071e+01,7.631325219843466456e+00,9.163604850407527636e+01
1.360000000000000142e+01,7.619073188524590812e+00,9.201700216350150185e+01
1.365000000000000036e+01,7.606767838587906283e+00,9.239734055543090108e+01
1.370000000000000107e+01,7.594409816850878236e+00,9.277706104627344530e+01
1.375000000000000000e+01,7.581999776840715910e+00,9.315616103511547408e+01
1.380000000000000071e+01,7.569538378394751632e+00,9.353463795403520464e+01
1.385000000000000142e+01,7.557026287272035958e+00,9.391248926839880085e+01
1.390000000000000036e+01,7.544464174775706411e+00,9.428971247713758430e+01
1.395000000000000107e+01,7.531852717385721263e+00,9.466630511300687090e+01
1.400000000000000000e+01,7.519192596401574669e+00,9.504226474282694426e+01
1.405000000000000071e+01,7.506484497594620109e+00,9.541758896770667775e+01
1.410000000000000142e+01,7.493729110869658427e+00,9.579227542325016032e+01
1.415000000000000036e+01,7.480927129935461828e+00,9.616632177974693718e+01
1.420000000000000107e+01,7.468079251983930078e+00,9.653972574234613546e+01
1.425000000000000000e+01,7.455186177377582268e+00,9.691248505121501466e+01
1.430000000000000071e+01,7.442248609345119448e+00,9.728459748168226895e+01
1.435000000000000142e+01,7.429267253684793459e+00,9.765606084436650747e+01
1.440000000000000036e+01,7.416242818475353715e+00,9.802687298529028226e+01
1.445000000000000107e+01,7.403176013794317889e+00,9.839703178598000477e+01
1.450000000000000000e+01,7.390067551443394223e+00,9.876653516355217732e+01
1.455000000000000071e+01,7.376918144680822742e+00,9.913538107078622375e+01
1.460000000000000142e+01,7.363728507960450642e+00,9.950356749618424601e+01
1.465000000000000036e+01,7.350499356677389073e+00,9.987109246401811902e+01
1.470000000000000107e+01,7.337231406920064813e+00,1.002379540343641224e+02
1.475000000000000000e+01,7.323925375228507839e+00,1.006041503031255502e+02
1.480000000000000071e+01,7.310581978358750455e+00,1.009696794020434822e+02
1.485000000000000142e+01,7.297201933053186096e+00,1.013345394986961452e+02
1.490000000000000036e+01,7.283785955816752811e+00,1.016987287964869893e+02
1.495000000000000107e+01,7.270334762698835718e+00,1.020622455346219368e+02
1.500000000000000000e+01,7.256849069080772097e+00,1.024250879880759726e+02
1.505000000000000071e+01,7.243329589468833873e+00,1.027872544675494169e+02
1.510000000000000142e+01,7.229777037292608455e+00,1.031487433194140522e+02
1.515000000000000036e+01,7.216192124708669553e+00,1.035095529256494871e+02
1.520000000000000107e+01,7.202575562409448295e+00,1.038696817037699560e+02
1.525000000000000000e+01,7.188928059437221130e+00,1.042291281067418112e+02
1.530000000000000071e+01,7.175250323003133701e+00,1.045878906228919618e+02
1.535000000000000142e+01,7.161543058311172771e+00,1.049459677758075173e+02
1.540000000000000036e+01,7.147806968387030224e+00,1.053033581242268752e+02
1.545000000000000107e+01,7.134042753911767676e+00,1.056600602619224674e+02
1.550000000000000000e+01,7.120251113060234616e+00,1.060160728175754770e+02
1.555000000000000071e+01,7.106432741344148596e+00,1.063713944546426831e+02
1.560000000000000142e+01,7.092588331459796613e+00,1.067260238712156735e+02
1.565000000000000036e+01,7.078718573140292847e+00,1.070799597998726824e+02
1.570000000000000107e+01,7.064824153012319030e+00,1.074332010075232944e+02
1.575000000000000000e+01,7.050905754457311048e+00,1.077857462952461560e+02
1.580000000000000071e+01,7.036964057477007373e+00,1.081375944981200092e+02
1.585000000000000142e+01,7.022999738563344252e+00,1.084887444850481728e+02
1.590000000000000036e+01,7.009013470572598159e+00,1.088391951585767998e+02
1.595000000000000107e+01,6.995005922603761306e+00,1.091889454547069818e+02
1.600000000000000000e+01,6.980977759881064060e+00,1.095379943427010403e+02
1.605000000000000071e+01,6.966929643640632719e+00,1.098863408248830780e+02
1.610000000000000142e+01,6.952862231021181394e+00,1.102339839364341429e+02
1.615000000000000213e+01,6.938776174958735332e+00,1.105809227451820789e+02
1.619999999999999929e+01,6.924672124085298641e+00,1.109271563513863441e+02
1.625000000000000000e+01,6.910550722631439768e+00,1.112726838875179141e+02
1.630000000000000071e+01,6.896412610332728121e+00,1.116175045180345506e+02
1.635000000000000142e+01,6.882258422339980086e+00,1.119616174391515528e+02
1.640000000000000213e+01,6.868088789133270922e+00,1.123050218786082155e+02
1.644999999999999929e+01,6.853904336439628153e+00,1.126477170954301954e+02
1.650000000000000000e+01,6.839705685154410908e+00,1.129897023796879125e+02
1.655000000000000071e+01,6.825493451266271272e+00,1.133309770522512281e+02
1.660000000000000142e+01,6.811268245785680797e+00,1.136715404645405130e+02
1.665000000000000213e+01,6.797030674676951989e+00,1.140113919982743624e+02
1.669999999999999929e+01,6.782781338793713033e+00,1.143505310652140423e+02
1.675000000000000000e+01,6.768520833817781579e+00,1.146889571069049367e+02
1.680000000000000071e+01,6.754249750201379854e+00,1.150266695944150115e+02
1.685000000000000142e+01,6.739968673112652908e+00,1.153636680280706486e+02
1.690000000000000213e+01,6.725678182384408288e+00,1.156999519371898657e+02
1.694999999999999929e+01,6.711378852466070910e+00,1.160355208798131628e+02
1.700000000000000000e+01,6.697071252378743900e+00,1.163703744424320945e+02
1.705000000000000071e+01,6.682755945673367393e+00,1.167045122397157684e+02
1.710000000000000142e+01,6.668433490391898921e+00,1.170379339142353672e+02
1.715000000000000213e+01,6.654104439031461204e+00,1.173706391361869379e+02
1.719999999999999929e+01,6.639769338511413821e+00,1.177026276031125036e+02
1.725000000000000000e+01,6.625428730143289258e+00,1.180338990396196692e+02
1.730000000000000071e+01,6.611083149603517839e+00,1.183644531970998486e+02
1.735000000000000142e+01,6.596733126908941536e+00,1.186942898534452979e+02
1.740000000000000213e+01,6.582379186394986981e+00,1.190234088127650409e+02
1.744999999999999929e+01,6.568021846696508348e+00,1.193518099050998700e+02
1.750000000000000000e+01,6.553661620731204174e+00,1.196794929861364238e+02
1.755000000000000071e+01,6.539299015685566374e+00,1.200064579369206967e+02
1.760000000000000142e+01,6.524934533003314385e+00,1.203327046635708655e+02
1.765000000000000213e+01,6.510568668376234491e+00,1.206582330969896759e+02
1.769999999999999929e+01,6.496201911737402135e+00,1.209830431925765453e+02
1.775000000000000000e+01,6.481834747256698392e+00,1.213071349299393802e+02
1.780000000000000071e+01,6.467467653338587752e+00,1.216305083126063096e+02
1.785000000000000142e+01,6.453101102622097685e+00,1.219531633677374174e+02
1.790000000000000213e+01,6.438735561982937838e+00,1.222751001458365607e+02
1.794999999999999929e+01,6.424371492537701123e+00,1.225963187204634437e+02
1.800000000000000000e+01,6.410009349650119148e+00,1.229168191879459471e+02
1.805000000000000071e+01,6.395649582939277877e+00,1.232366016670929127e+02
1.810000000000000142e+01,6.381292636289762399e+00,1.235556662989073970e+02
1.815000000000000213e+01,6.366938947863685527e+00,1.238740132463005779e+02
1.819999999999999929e+01,6.352588950114517630e+00,1.241916426938063012e+02
1.825000000000000000e+01,6.338243069802691032e+00,1.245085548472964376e+02
1.830000000000000071e+01,6.323901728012908841e+00,1.248247499336970776e+02
1.835000000000000142e+01,6.309565340173124426e+00,1.251402282007057352e+02
1.840000000000000213e+01,6.295234316075113412e+00,1.254549899165094899e+02
1.844999999999999929e+01,6.280909059896603530e+00,1.257690353695043228e+02
1.850000000000000000e+01,6.266589970224917927e+00,1.260823648680155742e+02
1.855000000000000071e+01,6.252277440082060878e+00,1.263949787400196811e+02
1.860000000000000142e+01,6.237971856951207705e+00,1.267068773328672364e+02
1.865000000000000213e+01,6.223673602804545624e+00,1.270180610130074683e+02
1.869999999999999929e+01,6.209383054132427304e+00,1.273285301657140849e+02
1.875000000000000000e+01,6.195100581973761678e+00,1.276382851948127666e+02
1.880000000000000071e+01,6.180826551947632197e+00,1.279473265224101510e+02
1.885000000000000142e+01,6.166561324286051970e+00,1.282556545886244521e+02
1.890000000000000213e+01,6.152305253867843327e+00,1.285632698513178411e+02
1.894999999999999929e+01,6.138058690253584970e+00,1.288701727858305333e+02
1.900000000000000000e+01,6.123821977721567222e+00,1.291763638847166078e+02
1.905000000000000071e+01,6.109595455304733136e+00,1.294818436574818463e+02
1.910000000000000142e+01,6.095379456828540654e+00,1.297866126303232761e+02
1.915000000000000213e+01,6.081174310949714723e+00,1.300906713458707600e+02
1.920000000000000284e+01,6.066980341195847615e+00,1.303940203629305472e+02
1.925000000000000000e+01,6.052797866005791505e+00,1.306966602562308424e+02
1.930000000000000071e+01,6.038627198770813109e+00,1.309985916161693922e+02
1.935000000000000142e+01,6.024468647876467742e+00,1.312998150485632038e+02
1.940000000000000213e+01,6.010322516745152832e+00,1.316003311744004520e+02
1.945000000000000284e+01,5.996189103879294713e+00,1.319001406295944037e+02
1.950000000000000000e+01,5.982068702905136703e+00,1.321992440647396734e+02
1.955000000000000071e+01,5.967961602617093853e+00,1.324976421448705253e+02
1.960000000000000142e+01,5.953868087022621935e+00,1.327953355492216474e+02
1.965000000000000213e+01,5.939788435387582055e+00,1.330923249709910294e+02
1.970000000000000284e+01,5.925722922282053773e+00,1.333886111171051425e+02
1.975000000000000000e+01,5.911671817626562131e+00,1.336841947079864781e+02
1.980000000000000071e+01,5.897635386738690144e+00,1.339790764773234173e+02
1.985000000000000142e+01,5.883613890380042122e+00,1.342732571718424310e+02
1.990000000000000213e+01,5.869607584803511635e+00,1.345667375510826105e+02
1.995000000000000284e+01,5.855616721800844360e+00,1.348595183871726420e+02
2.000000000000000000e+01,5.841641548750447832e+00,1.351516004646101692e+02
2.005000000000000071e+01,5.827682308665421473e+00,1.354429845800434293e+02
2.010000000000000142e+01,5.813739240241782014e+00,1.357336715420555322e+02
2.015000000000000213e+01,5.799812577906842570e+00,1.360236621709508711e+02
2.020000000000000284e+01,5.785902551867737387e+00,1.363129572985442621e+02
2.025000000000000000e+01,5.772009388160042498e+00,1.366015577679522721e+02
2.030000000000000071e+01,5.758133308696480768e+00,1.368894644333871042e+02
2.035000000000000142e+01,5.744274531315675780e+00,1.371766781599528997e+02
2.040000000000000213e+01,5.730433269830940368e+00,1.374631998234444552e+02
2.045000000000000284e+01,5.716609734079058924e+00,1.377490303101484130e+02
2.050000000000000000e+01,5.702804129969051061e+00,1.380341705166468671e+02
2.055000000000000071e+01,5.689016659530896192e+00,1.383186213496234132e+02
2.060000000000000142e+01,5.675247520964180836e+00,1.386023837256716149e+02
2.065000000000000213e+01,5.661496908686665108e+00,1.388854585711059428e+02
2.070000000000000284e+01,5.647765013382735511e+00,1.391678468217750719e+02
2.075000000000000000e+01,5.634052022051722730e+00,1.394495494228776522e+02
2.080000000000000071e+01,5.620358118056072882e+00,1.397305673287804666e+02
2.085000000000000142e+01,5.606683481169349115e+00,1.400109015028389479e+02
2.090000000000000213e+01,5.593028287624040473e+00,1.402905529172201398e+02
2.095000000000000284e+01,5.579392710159167379e+00,1.405695225527281025e+02
2.100000000000000000e+01,5.565776918067660617e+00,1.408478113986314781e+02
2.105000000000000071e+01,5.552181077243504070e+00,1.411254204524936426e+02
2.110000000000000142e+01,5.538605350228612778e+00,1.414023507200050744e+02
2.115000000000000213e+01,5.525049896259453419e+00,1.416786032148180539e+02
2.120000000000000284e+01,5.511514871313358377e+00,1.419541789583837215e+02
2.125000000000000000e+01,5.498000428154561803e+00,1.422290789797914385e+02
2.130000000000000071e+01,5.484506716379900837e+00,1.425033043156104213e+02
2.135000000000000142e+01,5.471033882464209519e+00,1.427768560097336206e+02
2.140000000000000213e+01,5.457582069805356539e+00,1.430497351132238748e+02
2.145000000000000284e+01,5.444151418768939266e+00,1.433219426841623090e+02
2.150000000000000000e+01,5.430742066732623385e+00,1.435934797874989499e+02
2.155000000000000071e+01,5.417354148130096192e+00,1.438643474949054450e+02
2.160000000000000142e+01,5.403987794494643282e+00,1.441345468846301685e+02
2.165000000000000213e+01,5.390643134502339784e+00,1.444040790413552884e+02
2.170000000000000284e+01,5.377320294014829472e+00,1.446729450560560224e+02
2.175000000000000000e+01,5.364019396121701533e+00,1.449411460258621105e+02
2.180000000000000071e+01,5.350740561182444566e+00,1.452086830539212201e+02
2.185000000000000142e+01,5.337483906867987571e+00,1.454755572492646252e+02
2.190000000000000213e+01,5.324249548201791526e+00,1.457417697266747041e+02
2.195000000000000284e+01,5.311037597600515525e+00,1.460073216065547399e+02
2.200000000000000000e+01,5.297848164914234381e+00,1.462722140148004542e+02
2.205000000000000071e+01,5.284681357466213036e+00,1.465364480826737577e+02
2.210000000000000142e+01,5.271537280092211120e+00,1.468000249466783771e+02
2.215000000000000213e+01,5.258416035179342529e+00,1.470629457484373575e+02
2.220000000000000284e+01,5.245317722704466945e+00,1.473252116345725824e+02
2.225000000000000000e+01,5.232242440272115047e+00,1.475868237565861989e+02
2.230000000000000071e+01,5.219190283151932341e+00,1.478477832707438040e+02
2.235000000000000142e+01,5.206161344315669126e+00,1.481080913379595927e+02
2.240000000000000213e+01,5.193155714473681961e+00,1.483677491236832680e+02
2.245000000000000284e+01,5.180173482110947525e+00,1.486267577977888266e+02
2.250000000000000000e+01,5.167214733522623504e+00,1.488851185344649650e+02
2.255000000000000071e+01,5.154279552849098778e+00,1.491428325121074181e+02
2.260000000000000142e+01,5.141368022110576419e+00,1.493999009132129459e+02
2.265000000000000213e+01,5.128480221241177084e+00,1.496563249242749976e+02
2.270000000000000284e+01,5.115616228122544129e+00,1.499121057356811377e+02
2.275000000000000000e+01,5.102776118616974443e+00,1.501672445416119785e+02
2.280000000000000071e+01,5.089959966600066110e+00,1.504217425399419881e+02
2.285000000000000142e+01,5.077167843992879348e+00,1.506756009321416343e+02
2.290000000000000213e+01,5.064399820793617835e+00,1.509288209231813198e+02
2.295000000000000284e+01,5.051655965108824198e+00,1.511814037214367659e+02
2.300000000000000000e+01,5.038936343184102995e+00,1.514333505385959597e+02
2.305000000000000071e+01,5.026241019434361412e+00,1.516846625895676652e+02
2.310000000000000142e+01,5.013570056473570347e+00,1.519353410923913543e+02
2.315000000000000213e+01,5.000923515144060971e+00,1.521853872681485598e+02
2.320000000000000284e+01,4.988301454545341684e+00,1.524348023408758195e+02
2.325000000000000000e+01,4.975703932062447876e+00,1.526835875374789282e+02
2.330000000000000071e+01,4.963131003393828955e+00,1.529317440876486103e+02
2.335000000000000142e+01,4.950582722578770856e+00,1.531792732237775567e+02
2.340000000000000213e+01,4.938059142024354919e+00,1.534261761808787696e+02
2.345000000000000284e+01,4.925560312531969132e+00,1.536724541965053561e+02
2.350000000000000000e+01,4.913086283323357506e+00,1.539181085106715159e+02
2.355000000000000071e+01,4.900637102066229822e+00,1.541631403657748365e+02
2.360000000000000142e+01,4.888212814899421943e+00,1.544075510065198102e+02
2.365000000000000213e+01,4.875813466457611156e+00,1.546513416798426874e+02
2.370000000000000284e+01,4.863439099895610518e+00,1.548945136348374660e+02
2.375000000000000000e+01,4.851089756912216444e+00,1.551370681226830754e+02
2.380000000000000071e+01,4.838765477773636192e+00,1.553790063965717536e+02
2.385000000000000142e+01,4.826466301336495235e+00,1.556203297116385897e+02
2.390000000000000213e+01,4.814192265070419197e+00,1.558610393248921184e+02
2.395000000000000284e+01,4.801943405080217886e+00,1.561011364951461360e+02
2.400000000000000000e+01,4.789719756127648331e+00,1.563406224829525115e+02
2.405000000000000071e+01,4.777521351652782577e+00,1.565794985505351633e+02
2.410000000000000142e+01,4.765348223794978466e+00,1.568177659617249162e+02
2.415000000000000213e+01,4.753200403413461395e+00,1.570554259818955813e+02
2.420000000000000284e+01,4.741077920107514387e+00,1.572924798779009450e+02
2.425000000000000000e+01,4.728980802236296910e+00,1.575289289180127525e+02
2.430000000000000071e+01,4.716909076938278211e+00,1.577647743718596587e+02
2.435000000000000142e+01,4.704862770150314510e+00,1.580000175103671722e+02
2.440000000000000213e+01,4.692841906626353143e+00,1.582346596056984822e+02
2.445000000000000284e+01,4.680846509955783219e+00,1.584687019311962786e+02
2.450000000000000000e+01,4.668876602581438995e+00,1.587021457613253403e+02
2.455000000000000071e+01,4.656932205817247095e+00,1.589349923716162039e+02
2.460000000000000142e+01,4.645013339865545987e+00,1.591672430386094845e+02
2.465000000000000213e+01,4.633120023834067069e+00,1.593988990398011936e+02
2.470000000000000284e+01,4.621252275752580019e+00,1.596299616535888219e+02
2.475000000000000000e+01,4.609410112589232611e+00,1.598604321592182771e+02
2.480000000000000071e+01,4.597593550266559248e+00,1.600903118367316154e+02
2.485000000000000142e+01,4.585802603677187506e+00,1.603196019669154850e+02
2.490000000000000213e+01,4.574037286699238258e+00,1.605483038312504505e+02
2.495000000000000284e+01,4.562297612211432707e+00,1.607764187118610266e+02
2.500000000000000000e+01,4.550583592107893871e+00,1.610039478914664244e+02
2.505000000000000071e+01,4.538895237312679853e+00,1.612308926533320630e+02
2.510000000000000142e+01,4.527232557794021339e+00,1.614572542812217648e+02
2.515000000000000213e+01,4.515595562578290867e+00,1.616830340593506889e+02
2.520000000000000284e+01,4.503984259763706532e+00,1.619082332723388618e+02
2.525000000000000000e+01,4.492398656533769241e+00,1.621328532051655600e+02
2.530000000000000071e+01,4.480838759170435281e+00,1.623568951431240919e+02
2.535000000000000142e+01,4.469304573067056197e+00,1.625803603717774308e+02
2.540000000000000213e+01,4.457796102741051314e+00,1.628032501769144744e+02
2.545000000000000284e+01,4.446313351846355566e+00,1.630255658445067866e+02
2.550000000000000000e+01,4.434856323185627502e+00,1.632473086606660786e+02
2.555000000000000071e+01,4.423425018722224600e+00,1.634684799116022020e+02
2.560000000000000142e+01,4.412019439591960968e+00,1.636890808835817950e+02
2.565000000000000213e+01,4.400639586114643009e+00,1.639091128628875254e+02
2.570000000000000284e+01,4.389285457805391921e+00,1.641285771357777890e+02
2.575000000000000000e+01,4.377957053385760133e+00,1.643474749884470896e+02
2.580000000000000071e+01,4.366654370794648798e+00,1.645658077069868170e+02
2.585000000000000142e+01,4.355377407199014783e+00,1.647835765773467642e+02
2.590000000000000213e+01,4.344126159004403576e+00,1.650007828852969851e+02
2.595000000000000284e+01,4.332900621865282353e+00,1.652174279163902497e+02
2.600000000000000000e+01,4.321700790695187422e+00,1.654335129559250106e+02
2.605000000000000071e+01,4.310526659676710892e+00,1.656490392889088525e+02
2.610000000000000142e+01,4.299378222271299066e+00,1.658640082000224254e+02
2.615000000000000213e+01,4.288255471228885618e+00,1.660784209735838601e+02
2.620000000000000284e+01,4.277158398597364020e+00,1.662922788935137248e+02
2.625000000000000000e+01,4.266086995731905418e+00,1.665055832433003218e+02
2.630000000000000071e+01,4.255041253304105986e+00,1.667183353059655246e+02
2.635000000000000142e+01,4.244021161311005486e+00,1.669305363640310702e+02
2.640000000000000213e+01,4.233026709083937078e+00,1.671421876994852767e+02
2.645000000000000284e+01,4.222057885297258117e+00,1.673532905937501312e+02
2.650000000000000000e+01,4.211114677976922849e+00,1.675638463276489745e+02
2.655000000000000071e+01,4.200197074508929873e+00,1.677738561813744127e+02
2.660000000000000142e+01,4.189305061647647932e+00,1.679833214344567978e+02
2.665000000000000213e+01,4.178438625523996919e+00,1.681922433657329918e+02
2.670000000000000284e+01,4.167597751653523197e+00,1.684006232533156719e+02
2.675000000000000000e+01,4.156782424944346133e+00,1.686084623745628903e+02
2.680000000000000071e+01,4.145992629704994492e+00,1.688157620060481463e+02
2.685000000000000142e+01,4.135228349652127378e+00,1.690225234235307425e+02
2.690000000000000213e+01,4.124489567918150357e+00,1.692287479019266527e+02
2.695000000000000284e+01,4.113776267058724123e+00,1.694344367152795883e+02
2.700000000000000000e+01,4.103088429060170128e+00,1.696395911367326050e+02
2.705000000000000071e+01,4.092426035346779400e+00,1.698442124384999374e+02
2.710000000000000142e+01,4.081789066788026332e+00,1.700483018918393441e+02
2.715000000000000213e+01,4.071177503705683876e+00,1.702518607670246240e+02
2.720000000000000284e+01,4.060591325880857028e+00,1.704548903333186729e+02
2.725000000000000000e+01,4.050030512560921281e+00,1.706573918589467098e+02
2.730000000000000071e+01,4.039495042466381136e+00,1.708593666110700156e+02
2.735000000000000142e+01,4.028984893797647793e+00,1.710608158557598983e+02
2.740000000000000213e+01,4.018500044241727132e+00,1.712617408579719722e+02
2.745000000000000284e+01,4.008040470978845526e+00,1.714621428815209185e+02
2.750000000000000000e+01,3.997606150688987725e+00,1.716620231890553612e+02
2.755000000000000071e+01,3.987197059558371670e+00,1.718613830420332818e+02
2.760000000000000142e+01,3.976813173285845160e+00,1.720602237006975770e+02
2.765000000000000213e+01,3.966454467089221669e+00,1.722585464240520423e+02
2.770000000000000284e+01,3.956120915711543784e+00,1.724563524698376114e+02
2.775000000000000000e+01,3.945812493427284906e+00,1.726536430945089649e+02
2.780000000000000071e+01,3.935529174048489232e+00,1.728504195532113954e+02
2.785000000000000142e+01,3.925270930930851776e+00,1.730466830997579279e+02
2.790000000000000213e+01,3.915037736979736671e+00,1.732424349866069235e+02
2.795000000000000284e+01,3.904829564656137730e+00,1.734376764648397398e+02
2.800000000000000000e+01,3.894646385982591941e+00,1.736324087841388746e+02
2.805000000000000071e+01,3.884488172549025453e+00,1.738266331927663373e+02
2.810000000000000142e+01,3.874354895518560937e+00,1.740203509375422755e+02
2.815000000000000213e+01,3.864246525633261875e+00,1.742135632638239429e+02
2.820000000000000284e+01,3.854163033219835999e+00,1.744062714154849232e+02
2.825000000000000000e+01,3.844104388195283661e+00,1.745984766348946948e+02
2.830000000000000071e+01,3.834070560072505796e+00,1.747901801628983094e+02
2.835000000000000142e+01,3.824061517965859025e+00,1.749813832387966102e+02
2.840000000000000213e+01,3.814077230596667256e+00,1.751720871003264506e+02
2.845000000000000284e+01,3.804117666298698186e+00,1.753622929836413959e+02
2.850000000000000000e+01,3.794182793023579858e+00,1.755520021232925671e+02
2.855000000000000071e+01,3.784272578346193239e+00,1.757412157522098823e+02
2.860000000000000142e+01,3.774386989470010167e+00,1.759299351016833839e+02
2.865000000000000213e+01,3.764525993232399337e+00,1.761181614013449916e+02
2.870000000000000284e+01,3.754689556109889637e+00,1.763058958791504836e+02
2.875000000000000000e+01,3.744877644223393975e+00,1.764931397613616468e+02
2.880000000000000071e+01,3.735090223343398463e+00,1.766798942725288271e+02
2.885000000000000142e+01,3.725327258895111626e+00,1.768661606354735909e+02
2.890000000000000213e+01,3.715588715963577648e+00,1.770519400712717584e+02
2.895000000000000284e+01,3.705874559298753201e+00,1.772372337992366909e+02
2.900000000000000000e+01,3.696184753320550964e+00,1.774220430369027213e+02
2.905000000000000071e+01,3.686519262123845841e+00,1.776063690000089252e+02
2.910000000000000142e+01,3.676878049483448319e+00,1.777902129024830913e+02
2.915000000000000213e+01,3.667261078859041401e+00,1.779735759564260320e+02
2.920000000000000284e+01,3.657668313400087357e+00,1.781564593720960374e+02
2.925000000000000000e+01,3.648099715950698929e+00,1.783388643578935842e+02
2.930000000000000071e+01,3.638555249054478580e+00,1.785207921203463002e+02
2.935000000000000142e+01,3.629034874959323531e+00,1.787022438640942710e+02
2.940000000000000213e+01,3.619538555622201947e+00,1.788832207918753738e+02
2.945000000000000284e+01,3.610066252713894475e+00,1.790637241045110670e+02
2.950000000000000000e+01,3.600617927623703807e+00,1.792437550008922642e+02
2.955000000000000071e+01,3.591193541464134498e+00,1.794233146779654646e+02
2.960000000000000142e+01,3.581793055075539911e+00,1.796024043307192528e+02
2.965000000000000213e+01,3.572416429030739415e+00,1.797810251521707983e+02
2.970000000000000284e+01,3.563063623639604494e+00,1.799591783333527815e+02
2.975000000000000000e+01,3.553734598953610657e+00,1.801368650633004620e+02
2.980000000000000071e+01,3.544429314770365380e+00,1.803140865290389740e+02
2.985000000000000142e+01,3.535147730638095176e+00,1.804908439155708777e+02
2.990000000000000213e+01,3.525889805860116688e+00,1.806671384058638807e+02
2.995000000000000284e+01,3.516655499499260262e+00,1.808429711808388447e+02
