grid_n,soil,theta,R_peak,R_end,cum_co2_final,B_final_total,outcome,largest_cluster_frac,om_biomass_connectivity,accessible_om_fraction,isolation_ratio,n_clusters,n_saturated_cells
128,A,1.0,2.768885789037027,2.6676726569216704,58.43764323748717,30.718090259825345,thriving,1.0,1.0,1.0,6.103515625e-05,1,16384
128,A,0.8,3.1035992111391844,3.0829906635463358,62.939405838937866,34.26472335364633,thriving,0.9988555733577478,0.8520557959479571,0.9688370787687747,0.00022888532845044633,3,13107
128,A,0.6,3.6237318846170385,3.616362989936899,69.04188434904843,39.1048864826779,thriving,0.976703967446592,0.6377293153917584,0.8976979280689454,0.0013224821973550356,13,9830
128,A,0.4,4.2289341297328775,4.161864283644885,77.78861719071622,45.303852614698016,thriving,0.14815379920659139,0.42170322866127813,0.7904370107191612,0.009307293256026854,61,6554
128,A,0.2,4.82862469117935,4.0703921853046925,88.34658113380061,49.70203331350945,thriving,0.06927067439731462,0.21329240319848872,0.612310013887614,0.028074458346048214,92,3277
128,B,1.0,4.673578966383523,2.9620115896706567,96.98786278231667,40.5575389738289,thriving,1.0,1.0,1.0,6.103515625e-05,1,16384
128,B,0.8,4.857927605946399,3.3669407790276615,104.05128225335073,45.00656896726329,thriving,0.9966430151827268,0.9989130839249816,0.9995317054951977,0.00022888532845044633,3,13107
128,B,0.6,5.316557349199115,3.9132716580925626,116.38186692314235,51.91509436663455,thriving,0.9717192268565615,0.9982401215957282,0.9957351134126092,0.0016276703967446592,16,9830
128,B,0.4,6.369571792592373,4.307439750397731,133.89795865154014,59.4700145259689,thriving,0.23664937442783032,0.9286949555714081,0.9772190865775893,0.00869697894415624,57,6554
128,B,0.2,7.8756786563538945,3.9825214021205504,148.57343571251639,61.21661766322531,thriving,0.0961245041196216,0.4970171538796831,0.8911685153863612,0.02471772963075984,81,3277
128,C,1.0,4.28915028708323,2.9151565021564365,87.38211476494251,38.83001130350976,thriving,1.0,1.0,1.0,6.103515625e-05,1,16384
128,C,0.8,4.488705902212803,3.382342048415115,94.52041935988532,43.64211057158447,thriving,0.9983978027008469,0.9989984436488882,0.9943393866746123,0.00030518043793392844,4,13107
128,C,0.6,4.936329573566527,3.944683008601085,105.68826692154731,50.35653857846192,thriving,0.9664292980671414,0.945694523262053,0.97826803914126,0.0014242115971515768,14,9830
128,C,0.4,5.900772342051754,4.406334351479545,121.1024835356167,58.04542006760123,thriving,0.43149221849252367,0.6981612547968008,0.9398530885610461,0.007476350320415014,49,6554
128,C,0.2,7.214960393262965,4.088696279777447,134.75073222700226,60.47305786924275,thriving,0.061946902654867256,0.3546463908916566,0.8290631107540378,0.0274641440341776,90,3277
40,A,1.0,10.409772757750094,3.3420635926303324,182.5790967392584,55.498211081683934,thriving,1.0,1.0,1.0,0.000625,1,1600
40,A,0.8,10.618775287963876,3.3058475719913374,182.3961446001086,54.807241519406304,thriving,1.0,0.8530438238225981,0.9688949002367397,0.00078125,1,1280
40,A,0.6,10.841232327277186,3.3286104006958888,182.21556059733092,54.86774879963487,thriving,0.9541666666666667,0.6378384333948679,0.8978882613902264,0.003125,3,960
40,A,0.4,11.117768596981698,3.3396312936738273,182.18235516566,55.0143289251178,thriving,0.384375,0.4205601373794791,0.790786485669407,0.0125,8,640
40,A,0.2,11.284378522216187,3.342563742817208,182.20055266728139,55.118290493774346,thriving,0.2,0.21327930897216058,0.6129756050106344,0.040625,13,320
40,B,1.0,10.316622243951299,3.864162866701384,183.19106870170836,67.68049079582448,thriving,1.0,1.0,1.0,0.000625,1,1600
40,B,0.8,10.479740744573403,3.8362882768406346,185.36110299843014,67.75838111617084,thriving,0.934375,0.9999999999999998,0.9997569223384005,0.0015625,2,1280
40,B,0.6,10.828869451841365,3.784777052144821,186.8581441118174,67.31672064072966,thriving,0.89375,0.9999730239951117,0.9960875726573059,0.004166666666666667,4,960
40,B,0.4,11.313771625975036,3.7292427318382257,186.41465625146213,66.3894059198066,thriving,0.3765625,0.9234971485466492,0.9762096911227729,0.0140625,9,640
40,B,0.2,11.672587807644828,3.736668202515451,186.36797919138323,66.50062861545194,thriving,0.359375,0.49698680756114105,0.8907719432444923,0.025,8,320
40,C,1.0,10.270461184471014,3.7686018098384193,180.5881724796652,64.81410257281223,thriving,1.0,1.0,1.0,0.000625,1,1600
40,C,0.8,10.499190943411573,3.6804292242628103,182.1961622479107,64.24187586437012,thriving,1.0,0.9992295884698781,0.9944269141840684,0.00078125,1,1280
40,C,0.6,10.963945805390718,3.6006441923752397,181.72821961439692,62.97627656653776,thriving,0.528125,0.9508461237355444,0.9786842463905161,0.004166666666666667,4,960
40,C,0.4,11.426180861411632,3.605144494592672,181.33888203323028,62.692502514287725,thriving,0.3859375,0.7015522659875361,0.9389331051701485,0.015625,10,640
40,C,0.2,11.816558088619743,3.6151899534500527,181.3399286246999,62.88482553842505,thriving,0.3625,0.35462471262529255,0.8289841149247755,0.0375,12,320
