soil,region_id,size_cells,inscribed_diameter_um,wet
Loess,1,19,40.0,True
Loess,2,34,60.0,False
Loess,3,23,60.0,False
Loess,4,229,100.0,False
Loess,5,189,100.0,False
Loess,6,51,80.0,False
Loess,7,25,40.0,True
Loess,8,6,40.0,True
Loess,9,32,60.0,False
Loess,10,202,80.0,False
Loess,11,79,80.0,False
Loess,12,3,20.0,True
Loess,13,119,80.0,False
Loess,14,620,120.0,False
Loess,15,10,40.0,True
Loess,16,4,20.0,True
Loess,17,131,140.0,False
Loess,18,2,20.0,True
Loess,19,94,60.0,False
Loess,20,2,20.0,True
Loess,21,3,20.0,True
Loess,22,36,60.0,False
Loess,23,62,80.0,False
Loess,24,302,80.0,False
Loess,25,145,80.0,False
Loess,26,141,80.0,False
Loess,27,5,20.0,True
Loess,28,28,40.0,True
Loess,29,24,40.0,True
Loess,30,33,60.0,False
Loess,31,13,40.0,True
Loess,32,149,100.0,False
Loess,33,8,40.0,True
Loess,34,14,40.0,True
Loess,35,83,80.0,False
Loess,36,44,60.0,False
Loess,37,7,40.0,True
Loess,38,1,20.0,True
Loess,39,138,80.0,False
Loess,40,2,20.0,True
Loess,41,1,20.0,True
Loess,42,128,80.0,False
Loess,43,1,20.0,True
Loess,44,8,40.0,True
Loess,45,32,60.0,False
Loess,46,15,40.0,True
Loess,47,3,20.0,True
Loess,48,456,80.0,False
Loess,49,2,20.0,True
Loess,50,25,40.0,True
Loess,51,8,20.0,True
Loess,52,215,100.0,False
Loess,53,124,80.0,False
Loess,54,47,60.0,False
Loess,55,143,100.0,False
Loess,56,6,20.0,True
Loess,57,17,40.0,True
Loess,58,38,40.0,True
Loess,59,63,60.0,False
Loess,60,9,40.0,True
Loess,61,15,40.0,True
Loess,62,340,120.0,False
Loess,63,12,40.0,True
Loess,64,54,60.0,False
Loess,65,46,60.0,False
Loess,66,16,40.0,True
Loess,67,26,40.0,True
Loess,68,139,100.0,False
Loess,69,27,40.0,True
Loess,70,3,20.0,True
Loess,71,73,60.0,False
Loess,72,42,60.0,False
Loess,73,9,40.0,True
Loess,74,17,40.0,True
Loess,75,4,20.0,True
Loess,76,1,20.0,True
Sand,1,13347,340.0,False
Sand,2,8,20.0,True
Sand,3,24,60.0,False
Vertisol,1,68,60.0,False
Vertisol,2,12,40.0,True
Vertisol,3,538,100.0,False
Vertisol,4,70,60.0,False
Vertisol,5,22,40.0,True
Vertisol,6,73,80.0,False
Vertisol,7,389,120.0,False
Vertisol,8,2,20.0,True
Vertisol,9,145,100.0,False
Vertisol,10,18,40.0,True
Vertisol,11,3,20.0,True
Vertisol,12,713,120.0,False
Vertisol,13,5,20.0,True
Vertisol,14,1,20.0,True
Vertisol,15,16,40.0,True
Vertisol,16,30,40.0,True
Vertisol,17,8,20.0,True
Vertisol,18,70,80.0,False
Vertisol,19,2,20.0,True
Vertisol,20,54,80.0,False
Vertisol,21,138,80.0,False
Vertisol,22,85,80.0,False
Vertisol,23,19,40.0,True
Vertisol,24,6,20.0,True
Vertisol,25,44,60.0,False
Vertisol,26,47,80.0,False
Vertisol,27,60,60.0,False
Vertisol,28,16,40.0,True
Vertisol,29,2,20.0,True
Vertisol,30,59,80.0,False
Vertisol,31,132,80.0,False
Vertisol,32,12,40.0,True
Vertisol,33,15,40.0,True
Vertisol,34,9,40.0,True
Vertisol,35,36,80.0,False
Vertisol,36,7,40.0,True
Vertisol,37,2,20.0,True
Vertisol,38,18,40.0,True
Vertisol,39,1157,160.0,False
Vertisol,40,5,20.0,True
Vertisol,41,4,20.0,True
Vertisol,42,28,40.0,True
Vertisol,43,19,40.0,True
Vertisol,44,11,40.0,True
Vertisol,45,49,80.0,False
Vertisol,46,45,60.0,False
Vertisol,47,34,60.0,False
Vertisol,48,51,60.0,False
Vertisol,49,88,100.0,False
Vertisol,50,34,60.0,False
Vertisol,51,22,40.0,True
Vertisol,52,120,80.0,False
Vertisol,53,5,20.0,True
Vertisol,54,13,40.0,True
Vertisol,55,86,100.0,False
Vertisol,56,104,80.0,False
Vertisol,57,39,60.0,False
Vertisol,58,40,60.0,False
Vertisol,59,16,40.0,True
Vertisol,60,9,40.0,True
Vertisol,61,210,60.0,False
Vertisol,62,3,20.0,True
Vertisol,63,16,40.0,True
Vertisol,64,47,80.0,False
Vertisol,65,13,40.0,True
Vertisol,66,15,40.0,True
Vertisol,67,6,20.0,True
Vertisol,68,1,20.0,True
Vertisol,69,9,40.0,True
Vertisol,70,39,40.0,True
