soil,matric_d_cut_um,emergent_theta,wet_habitat_fraction,mean_S_habitat_final,outcome,period_shape_model,period_shape_experiment,n_regions,n_regions_wet,n_regions_dry,mean_region_diam_um,median_region_diam_um,max_region_diam_um,min_region_diam_um
Loess,40.0,0.6810302734375,0.18402099609375,0.0008995020157686173,declining,falling,erratic,76,17,59,54.21052631578947,40.0,140.0,20.0
Loess,50.0,0.7047119140625,0.18988037109375,0.0008995071389688796,declining,falling,erratic,76,40,36,54.21052631578947,40.0,140.0,20.0
Loess,60.0,0.7047119140625,0.18988037109375,0.0008995071389688796,declining,falling,erratic,76,40,36,54.21052631578947,40.0,140.0,20.0
Sand,40.0,0.18389892578125,0.16705322265625,0.0010129768855003695,declining,falling,falling,3,1,2,140.0,60.0,340.0,20.0
Sand,50.0,0.18389892578125,0.16705322265625,0.0010129768855003695,declining,falling,falling,3,1,2,140.0,60.0,340.0,20.0
Sand,60.0,0.18389892578125,0.16705322265625,0.0010129768855003695,declining,falling,falling,3,1,2,140.0,60.0,340.0,20.0
Vertisol,40.0,0.68084716796875,0.177001953125,0.0013641215007088423,declining,falling,rising,70,15,55,53.714285714285715,40.0,160.0,20.0
Vertisol,50.0,0.70550537109375,0.1817626953125,0.0013641368854072982,declining,falling,rising,70,39,31,53.714285714285715,40.0,160.0,20.0
Vertisol,60.0,0.70550537109375,0.1817626953125,0.0013641368854072982,declining,falling,rising,70,39,31,53.714285714285715,40.0,160.0,20.0
