Diameter_px,Diameter_um,Volume_Count,Cumulative_Porosity,Differential_PSD
2.0683921921199584,31.025882881799376,142479,0.011228324071818592,0.0054725175120011365
2.209854068302849,33.14781102454274,0,0.011228324071818592,0.0
2.3609908322992896,35.41486248448935,0,0.011228324071818592,0.0
2.522464170895364,37.83696256343046,0,0.011228324071818592,0.0
2.6949810250869515,40.42471537630427,0,0.011228324071818592,0.0
2.8792966851143413,43.18945027671512,271687,0.03263912623985864,0.007496380674303049
3.076218097173041,46.14327145759562,0,0.03263912623985864,0.0
3.2866073962777933,49.2991109441669,0,0.03263912623985864,0.0
3.5113856807469013,52.67078521120352,33308,0.035264025475424114,0.0007535970913779666
3.751537044831815,56.27305567247723,0,0.035264025475424114,0.0
4.008112887147094,60.121693307206414,249765,0.05494722343300222,0.004950634071441632
4.2822365137633405,64.23354770645011,0,0.05494722343300222,0.0
4.575108056115744,68.62662084173617,495980,0.09403385495863467,0.008612554830745378
4.888009725259183,73.32014587888774,131376,0.10438718634964134,0.002135271801675997
5.222311425473335,78.33467138210003,0,0.10438718634964134,0.0
5.579476751794562,83.69215127691844,60057,0.10912009055855079,0.0008551441977004161
5.961069397732138,89.41604096598208,549865,0.15245323028967278,0.007328263730110056
6.368760001222241,95.53140001833361,269229,0.17367032517054398,0.0033584288044808883
6.80433345879174,102.0650018818761,303106,0.19755716039617474,0.0035389802243520094
7.269696739953687,109.04545109930531,241282,0.21657183967309648,0.0026368038314710006
7.766887236046438,116.50330854069657,136719,0.227346236172054,0.0013984632710965276
8.29808168006818,124.47122520102269,690898,0.28179374524055756,0.006614627947254385
8.865605676558511,132.98408514837766,172349,0.2953760305278902,0.0015444346916979545
9.471943883249498,142.07915824874246,124229,0.3051661292169458,0.0010419648396733719
10.119750889062162,151.79626333593242,810176,0.36901356415970715,0.006360316732615825
10.811862836073026,162.17794254109538,332951,0.3952523904290947,0.002446521223155416
11.551309836332372,173.2696475449856,217648,0.4124045481336208,0.0014968994855837304
12.34132923789598,185.1199385684397,479168,0.45016627855596497,0.0030845730514463283
13.185379798149826,197.7806969722474,411146,0.4825674080475527,0.002477265855855078
14.08715682647951,211.30735239719266,557767,0.5265232796676935,0.0031455649557943803
15.050608362580082,225.75912543870123,400008,0.5580466582380093,0.002111464643333802
16.079952461235916,241.19928691853875,514623,0.598602486246428,0.002542574125470613
17.179695659244565,257.6954348886685,379342,0.628497242035364,0.0017542224107955388
18.354652705334033,275.3197905800105,628360,0.6780163270497727,0.0027197660661589587
19.609967639452357,294.14951459178536,404232,0.7098725858401864,0.0016376572218112604
20.951136313715956,314.26704470573935,460244,0.7461429750491932,0.0017452182441136084
22.384030453615065,335.76045680422595,504836,0.7859275202180996,0.0017917657072817597
23.91492336481771,358.72385047226567,459915,0.8221719819667815,0.0015278396342495047
25.55051739811841,383.2577609717761,443377,0.8571131356946341,0.0013786138995048787
27.29797329277487,409.46959939162303,303007,0.8809921690401064,0.0008818433584755509
29.164941526699828,437.47412290049743,258396,0.9013555490951435,0.0007038722891743219
31.159595810761235,467.39393716141853,235995,0.9199535764488506,0.0006017002300213248
33.29066887383108,499.3600331074662,240438,0.9389017427272489,0.0005737857747804127
35.56749069525206,533.5123604287809,150979,0.9507999251965187,0.00033723489724762673
38.00002935210658,570.0004402815987,129367,0.960994933585116,0.0002704635638263119
40.59893466011992,608.9840199017989,195125,0.9763721241501369,0.00038182773375107656
43.375584799260494,650.6337719889074,193428,0.9916155794562783,0.00035427718856487634
46.34213612816706,695.1320419225059,76468,0.9976417832134904,0.00013109099934467694
49.51157640549394,742.673646082409,29924,1.0,4.8015569392473567e-05
52.897781651180495,793.4667247677074,0,1.0,0.0
