0.9386563474,0.9222307309,0.9157176773,0.918120357,0.9272410279,0.9402298799,0.953670826,0.9636931289,0.9666330702,0.9603293996,0.9456852807,0.9275553162,0.9137666367,0.9120378036,0.9262614954,0.9544040584,0.9894035361,1,1,1,1,1,1,1,1,1,1,1,1,1,1,1
0.9020376314,0.8835602974,0.8731896252,0.8708342047,0.8754952765,0.8852243249,0.896891926,0.9063362482,0.9092226343,0.902619511,0.8869815224,0.8674400242,0.8527853478,0.8517387154,0.8684592489,0.9002294853,0.938821603,0.9746467469,1,1,1,1,1,1,1,1,1,1,1,1,1,1
0.8657777571,0.844232972,0.8287106241,0.8202558451,0.8192433379,0.8247145612,0.8339306201,0.8426672335,0.8462718532,0.8413718295,0.8280057804,0.8110526514,0.7991729633,0.8008486062,0.8197556174,0.8526725044,0.8912480764,0.9262640728,0.9518798772,0.9679041053,0.9792181777,0.992603916,1,1,1,1,1,1,1,1,1,1
0.8273120229,0.8019682569,0.7809504836,0.7663060263,0.7595798349,0.760662966,0.7672421303,0.7752752854,0.780189298,0.7785518924,0.7700614028,0.7588488639,0.752430862,0.7580082032,0.7783301622,0.8101028944,0.8459123094,0.8780765274,0.9020984954,0.9182911923,0.9311194312,0.9464596529,0.9681227541,0.9960675763,1,1,1,1,1,1,1,1
0.784592236,0.7554553953,0.7299123244,0.7105104457,0.6993915534,0.6969230927,0.7011574853,0.7084486262,0.7146845493,0.716761618,0.7141907038,0.7100721355,0.7101435984,0.7197542379,0.7406511414,0.7699449737,0.8018600902,0.8308116285,0.8539084186,0.8718903799,0.888344507,0.9074997101,0.9317268467,0.9605991916,0.9923270204,1,1,1,1,1,1,1
0.7377012183,0.7055168729,0.6773332547,0.655542899,0.6421653417,0.637577702,0.6400728992,0.6465290073,0.6535619749,0.6586983165,0.6614659988,0.6639360659,0.6699228712,0.6828598954,0.7036767997,0.7302148368,0.7585211224,0.7850181685,0.8081997088,0.8290639688,0.8502032664,0.8740552038,0.9014333136,0.9315510731,0.9635136116,0.9975614794,1,1,1,1,1,1
0.6898922632,0.6557129467,0.6267508917,0.6047181202,0.5909478999,0.5854865881,0.5867837353,0.5922839379,0.599397162,0.6063705401,0.6128988125,0.6202360628,0.6305371464,0.6456287256,0.6659144781,0.6900733426,0.7157441789,0.7408533272,0.7648025458,0.7886847798,0.8142961298,0.8426724146,0.8734080798,0.9054378648,0.9385063882,0.9736194132,1,1,1,1,1,1
0.6465770409,0.6112269548,0.5824596079,0.5610876661,0.5475478514,0.5415099321,0.5416560279,0.5460106127,0.5526305952,0.5602899411,0.5688281479,0.578951782,0.5916439776,0.6076285165,0.627084689,0.6494764041,0.6736140977,0.6983116706,0.7233604955,0.7497890806,0.7788944376,0.8109318935,0.8448657948,0.8795022086,0.9148179122,0.9519578488,0.9916382218,1,1,1,1,1
0.6124521321,0.5761811092,0.5473749964,0.5260390847,0.5118572968,0.5043680246,0.5027304512,0.5055782019,0.5113392827,0.5189178825,0.5281093785,0.5392841908,0.5527679738,0.5687011901,0.5872835392,0.6086325415,0.6323144798,0.6575186319,0.6840019983,0.7125519651,0.7441627169,0.7788540358,0.8155522586,0.8531477252,0.8915461173,0.9315526409,0.9735018035,1,1,1,1,1
0.5888492302,0.5512704934,0.5212751513,0.4983353814,0.4817073043,0.4711471426,0.4665621418,0.46723304,0.4717217653,0.4787181887,0.4877901317,0.4991036905,0.512688279,0.5284319731,0.5466310033,0.5678616584,0.5921384869,0.618748708,0.6471981433,0.6778968689,0.7115809924,0.7483168223,0.7873542776,0.8278398037,0.8695154415,0.9127038308,0.9574064436,1,1,1,1,1
0.5732527962,0.5335449935,0.5009123301,0.4745856403,0.4536792933,0.4383791592,0.4294508904,0.426847375,0.4292544783,0.435149954,0.4439098175,0.4555658858,0.4699146605,0.4865487757,0.5056472981,0.527958004,0.5537755878,0.5825036352,0.613480674,0.6467635474,0.6828057867,0.7217067483,0.7630315603,0.8061668849,0.8507340759,0.8967449785,0.9441223918,0.9916569224,1,1,1,1
0.5610480358,0.5183516344,0.4819293541,0.4509714277,0.4245772785,0.403315138,0.3886743816,0.3813016079,0.38033755,0.3845361158,0.3933952523,0.4067797726,0.4239512633,0.4437648628,0.4658016524,0.4906241524,0.5187535139,0.5499612185,0.5837713384,0.6201254714,0.6592232961,0.7010135489,0.7450602077,0.790739068,0.8375648913,0.8855088062,0.9347291607,0.9844578391,1,1,1,1
0.5482033906,0.5020468124,0.4613060266,0.4252276587,0.3929035197,0.3650392198,0.3435128781,0.3296936305,0.3238485706,0.3259429107,0.3360197131,0.3534493266,0.3763117311,0.4021259315,0.4294039791,0.4582327234,0.4893490831,0.5231601302,0.5597735121,0.5993609147,0.6420174382,0.6874086583,0.7347388115,0.7830241728,0.8315591996,0.8803833617,0.9300488792,0.9803612555,1,1,1,1
0.5335638707,0.4840731035,0.4391055936,0.3980214791,0.3599259473,0.3253653681,0.2961019958,0.2741146865,0.2617594246,0.2618138129,0.2751453415,0.2994049894,0.3305338924,0.3644780737,0.3986876098,0.4327434838,0.4675427366,0.5041437026,0.5433753216,0.5858745596,0.6318604807,0.6808017368,0.7314455782,0.7822689925,0.8321889681,0.8811680974,0.929998147,0.9790140326,1,1,1,1
0.5196613798,0.46741397,0.4187066924,0.3731294232,0.3299558436,0.2893589614,0.2522471321,0.2202780508,0.1985586529,0.1970231531,0.2174758059,0.2513315874,0.2916383123,0.333814103,0.3750897549,0.41481963,0.4538805676,0.4936091167,0.5352711331,0.5799306787,0.6281216207,0.6794159188,0.7324004488,0.7852196447,0.8364243729,0.8856317635,0.9334050908,0.9802338402,1,1,1,1
0.5112348824,0.4569296175,0.4051490158,0.3559680713,0.3091691336,0.2646271586,0.221874132,0.1801542634,0.1420824682,0.1390933173,0.1751591009,0.2188655304,0.2657140547,0.3132912305,0.3596795963,0.4042491596,0.4475027228,0.4904141661,0.5341178823,0.579831044,0.6284641256,0.6800455941,0.7335583502,0.7873819639,0.8399909805,0.8904575217,0.9384916666,0.9840402737,1,1,1,1
0.5119833734,0.4563126018,0.4022986767,0.3508735347,0.3027625284,0.2580152196,0.2156064264,0.1742108523,0.1362919586,0.1333023505,0.169088208,0.2121650426,0.2584145703,0.306166122,0.3540105122,0.4011205376,0.44720022,0.4923122643,0.5369958804,0.5823470591,0.6295887922,0.6794001912,0.7316373746,0.7855190658,0.8398473904,0.8930868873,0.9435678186,0.9899763726,1,1,1,1
0.5218924819,0.4657954855,0.4107362957,0.3588334305,0.3120364767,0.2709340023,0.234775391,0.2035919322,0.182129724,0.1804915,0.2002299349,0.2325840302,0.2715741579,0.3145064439,0.3598110869,0.4061552964,0.4522505597,0.4971680707,0.540866351,0.584309275,0.6289228177,0.6759305869,0.7261145544,0.7797374448,0.8361109675,0.8930983926,0.9474705485,0.9963729671,1,1,1,1
0.5374467851,0.4824207864,0.4279420438,0.3774258762,0.3340431154,0.2988293746,0.2709089105,0.2497872274,0.2373949406,0.2369987468,0.2493450004,0.2719194336,0.3019052892,0.3375453871,0.3774499289,0.4198040415,0.4624976364,0.5040377922,0.5443283462,0.5845309537,0.6262264539,0.6708259411,0.7195770928,0.7733839156,0.8318148652,0.892119153,0.9497743923,1,1,1,1,1
0.5544998749,0.5024474808,0.4503814164,0.4028417277,0.3640384174,0.3352748976,0.3151753148,0.3020533453,0.2956475571,0.296652259,0.30526767,0.3209157111,0.3430563465,0.3713595557,0.4048507587,0.4413347161,0.4781596766,0.5138082985,0.5487731263,0.5848918063,0.6239988249,0.6673551202,0.7159988204,0.7706845272,0.8306538231,0.8924866734,0.9509361529,1,1,1,1,1
0.5711359662,0.5236818879,0.4756059721,0.432161958,0.3983046686,0.3755495192,0.3620802967,0.355183102,0.3531207927,0.3552374057,0.361417135,0.3720469761,0.3880951734,0.4103683215,0.4381915709,0.4689819651,0.4996552565,0.5288580599,0.5579169222,0.589636581,0.626343585,0.6691353382,0.7184364809,0.7741738916,0.8346927036,0.8958524449,0.9522553115,1,1,1,1,1
0.5882488445,0.5460816444,0.5029870932,0.464369367,0.435448204,0.4178433802,0.4094860109,0.4069574999,0.407525312,0.4097695587,0.4135997076,0.4202588057,0.4318505626,0.4499453309,0.4739683692,0.5009305867,0.5272802574,0.5515895252,0.5756768691,0.6031792348,0.6371319677,0.6788187811,0.7281890444,0.7841760379,0.8440058926,0.9028540613,0.9555273342,0.9995446236,1,1,1,1
0.6080608869,0.5708668488,0.5331724724,0.4999351459,0.4759561483,0.4626348612,0.4577330551,0.4574626418,0.4585918695,0.4595156021,0.460613383,0.4640540984,0.4727530398,0.4885965394,0.5108867085,0.5363090474,0.5609174465,0.5829085389,0.6039516253,0.6279772525,0.6586818787,0.6979409112,0.7457431847,0.8003937793,0.8582223024,0.9139080308,0.9626015402,1,1,1,1,1
0.6323447725,0.59929335,0.5670530712,0.539653066,0.5207626891,0.5110885939,0.5081770119,0.5081929069,0.5079682617,0.5063374155,0.5045736345,0.5057587051,0.5131682543,0.5284246822,0.5504222943,0.5756987123,0.6002700412,0.6220110506,0.6419930694,0.6637712065,0.6912928551,0.7271164963,0.7717367244,0.8233947159,0.8779992375,0.9300431427,0.9750956242,1,1,1,1,1
0.6614741121,0.6317590356,0.6048156984,0.5834995849,0.5698621233,0.5635164216,0.561709418,0.5608365808,0.5583005512,0.5538615728,0.5498917984,0.550178866,0.5578273443,0.573621676,0.5957685988,0.6208538937,0.6453910522,0.6674043948,0.6874014962,0.7081288246,0.7332212858,0.7656218656,0.8064296609,0.8541726096,0.904728994,0.9526969255,0.9941761315,1,1,1,1,1
0.6943530587,0.6674371704,0.6454852804,0.6301764233,0.6218235975,0.6187891324,0.6179939955,0.6162587209,0.6118586205,0.6056399534,0.6009256057,0.6018130128,0.6108001469,0.6275307941,0.6494248747,0.6732595027,0.6964513733,0.7177293344,0.7374558535,0.7575968702,0.7811362382,0.8109672522,0.8485140554,0.8925272723,0.9389357328,0.9825767197,1,1,1,1,1,1
0.7291404223,0.7047230516,0.6873526411,0.6776707249,0.6744473834,0.6749084451,0.6757096109,0.6741690374,0.6694446452,0.66325236,0.6594101371,0.6618764063,0.6723915202,0.6896289589,0.7104568387,0.731931567,0.7523994336,0.7714941395,0.7898496041,0.8090412805,0.8314881155,0.8597681873,0.8952028494,0.9364157989,0.9792321598,1,1,1,1,1,1,1
0.764584469,0.742451134,0.7291523048,0.7244708294,0.7260069929,0.7301557634,0.7334169113,0.7335153133,0.7301972316,0.7255503693,0.7233327529,0.7270795445,0.7380217019,0.754522004,0.7734821374,0.7923231813,0.8099465437,0.8265072711,0.8429210176,0.8607504765,0.882209113,0.9095716026,0.94376069,0.9829750825,1,1,1,1,1,1,1,1
0.8010457102,0.7809278796,0.7710367437,0.7704852417,0.7761355639,0.7839332537,0.7903139321,0.7931488534,0.7922491287,0.7894694629,0.7880831158,0.7912433339,0.8003017564,0.8142896594,0.8309228567,0.8480802538,0.8645893112,0.880244962,0.8957053717,0.9125511822,0.9331195303,0.9596046599,0.9925523286,1,1,1,1,1,1,1,1,1
0.8401991115,0.8217484745,0.8144365496,0.8169164415,0.8257278215,0.8367234686,0.8463145359,0.8521721436,0.8535936247,0.8516733226,0.8490160107,0.848738985,0.8531513843,0.8629631922,0.8774041764,0.8948158886,0.9132331843,0.9310281282,0.9477440405,0.9646651366,0.9844138757,1,1,1,1,1,1,1,1,1,1,1
0.8836858898,0.8665653779,0.860910044,0.8651555799,0.8758896107,0.8891574198,0.9013602768,0.9096897583,0.9125078199,0.9098299413,0.9036071943,0.8973653064,0.8951154658,0.8999648337,0.9130014787,0.9328299469,0.9560343339,0.9787177058,0.9985920935,1,1,1,1,1,1,1,1,1,1,1,1,1
0.9320149031,0.9159244293,0.9109017576,0.9154657801,0.9266087469,0.9408050312,0.9544911392,0.9642816248,0.9674632836,0.9628992555,0.9519790496,0.9389171066,0.9297640794,0.9301873979,0.9429813379,0.9666290722,0.9958620615,1,1,1,1,1,1,1,1,1,1,1,1,1,1,1
