0,0,0,0,0,0,0,0,0,0,0,0,0,0,0,0,0,0,0,0,0,0,0,0,0,0,0,0,0,0,0,0
0,0,0,0,0,0,0,0,0,0,0,0,0,0,0,0,0,0,0,0,0,0,0,0,0,0,0,0,0,0,0,0
0,0,0,0,0,0,0,0,0,0,0,0,0,0,0,0,0,0,0,0,0,0,0,0,0,0,0,0,0,0,0,0
0,0,0,0,0,0,0,0,0,0,0,0,0,0,0,0,0,0,0,0,0,0,0,0,0,0,0,0,0,0,0,0
0,0,0,0,0,0,0,0,0,0,0,0,0,0,0,0,0,0,0,0,0,0,0,0,0,0,0,0,0,0,0,0
0,0,0,0,0,0,0,0,0,0,0,0,0,0,0,0,0,0,0,0,0,0,0,0,0,0,0,0,0,0,0,0
0,0,0,0,0,0.001868131868,0.001868131868,0.001868131868,0.001868131868,0.001868131868,0,0,0,0,0,0,0,0,0,0,0,0,0,0,0,0,0,0,0,0,0,0
0,0,0,0.001868131868,0.001868131868,0.003736263736,0.003736263736,0.003736263736,0.003736263736,0.003736263736,0.001868131868,0.001868131868,0.001868131868,0,0,0,0,0,0,0,0,0,0,0,0,0,0,0,0,0,0,0
0,0,0.001868131868,0.003736263736,0.003736263736,0.005604395604,0.005604395604,0.005604395604,0.005604395604,0.005604395604,0.003736263736,0.003736263736,0.003736263736,0.001868131868,0.001868131868,0,0,0,0,0,0,0,0,0,0,0,0,0,0,0,0,0
0,0.001868131868,0.003736263736,0.005604395604,0.005604395604,0,0,0,0,0,0.005604395604,0.005604395604,0.005604395604,0.003736263736,0.003736263736,0.001868131868,0,0,0,0,0,0,0,0,0,0,0,0,0,0,0,0
0.001868131868,0.003736263736,0.005604395604,0,0,0,0,0,0,0,0,0,0,0.005604395604,0.005604395604,0.003736263736,0.001868131868,0,0,0,0,0,0,0,0,0,0,0,0,0,0,0
0.001868131868,0.003736263736,0.005604395604,0,0,0,0,0,0,0,0,0,0,0,0,0.005604395604,0.003736263736,0.001868131868,0,0,0,0,0,0,0,0,0,0,0,0,0,0
0.003736263736,0.005604395604,0,0,0,0,0,0,0,0,0,0,0,0,0,0,0.005604395604,0.003736263736,0.001868131868,0,0,0,0,0,0,0,0,0,0,0,0,0
0.003736263736,0.005604395604,0,0,0,0,0,0.005604395604,0.005604395604,0.005604395604,0.005604395604,0,0,0,0,0,0,0.005604395604,0.003736263736,0.001868131868,0,0,0,0,0,0,0,0,0,0,0,0
0.005604395604,0,0,0,0,0,0.005604395604,0.003736263736,0.003736263736,0.003736263736,0.003736263736,0.005604395604,0,0,0,0,0,0.005604395604,0.003736263736,0.001868131868,0,0,0,0,0,0,0,0,0,0,0,0
0.005604395604,0,0,0,0,0.005604395604,0.003736263736,0.001868131868,0,0,0,0.003736263736,0.005604395604,0,0,0,0,0.005604395604,0.003736263736,0.001868131868,0,0,0,0,0,0,0,0,0,0,0,0
0.005604395604,0,0,0,0,0.005604395604,0.003736263736,0,0,0,0,0.003736263736,0.005604395604,0,0,0,0,0.005604395604,0.003736263736,0.001868131868,0,0,0,0,0,0,0,0,0,0,0,0
0.005604395604,0,0,0,0,0.005604395604,0.003736263736,0.003736263736,0.003736263736,0.003736263736,0.003736263736,0.003736263736,0.005604395604,0,0,0,0,0.005604395604,0.003736263736,0.001868131868,0,0,0,0,0,0,0,0,0,0,0,0
0.003736263736,0.005604395604,0,0,0,0,0.005604395604,0.005604395604,0.005604395604,0.005604395604,0.005604395604,0.005604395604,0,0,0,0,0,0.005604395604,0.003736263736,0.001868131868,0,0,0,0,0,0,0,0,0,0,0,0
0.003736263736,0.005604395604,0,0,0,0,0,0,0,0,0,0,0,0,0,0,0,0.005604395604,0.003736263736,0.001868131868,0,0,0,0,0,0,0,0,0,0,0,0
0.003736263736,0.005604395604,0,0,0,0,0,0,0,0,0,0,0,0,0,0,0.005604395604,0.003736263736,0.001868131868,0,0,0,0,0,0,0,0,0,0,0,0,0
0.001868131868,0.003736263736,0.005604395604,0,0,0,0,0,0,0,0,0,0,0,0,0.005604395604,0.003736263736,0.001868131868,0,0,0,0,0,0,0,0,0,0,0,0,0,0
0,0.001868131868,0.003736263736,0.005604395604,0,0,0,0,0,0,0,0,0,0.005604395604,0.005604395604,0.003736263736,0.001868131868,0,0,0,0,0,0,0,0,0,0,0,0,0,0,0
0,0,0.001868131868,0.003736263736,0.005604395604,0.005604395604,0.005604395604,0.005604395604,0.005604395604,0.005604395604,0.005604395604,0.005604395604,0.005604395604,0.003736263736,0.003736263736,0.001868131868,0,0,0,0,0,0,0,0,0,0,0,0,0,0,0,0
0,0,0,0.001868131868,0.003736263736,0.003736263736,0.003736263736,0.003736263736,0.003736263736,0.003736263736,0.003736263736,0.003736263736,0.003736263736,0.001868131868,0.001868131868,0,0,0,0,0,0,0,0,0,0,0,0,0,0,0,0,0
0,0,0,0,0.001868131868,0.001868131868,0.001868131868,0.001868131868,0.001868131868,0.001868131868,0.001868131868,0.001868131868,0.001868131868,0,0,0,0,0,0,0,0,0,0,0,0,0,0,0,0,0,0,0
0,0,0,0,0,0,0,0,0,0,0,0,0,0,0,0,0,0,0,0,0,0,0,0,0,0,0,0,0,0,0,0
0,0,0,0,0,0,0,0,0,0,0,0,0,0,0,0,0,0,0,0,0,0,0,0,0,0,0,0,0,0,0,0
0,0,0,0,0,0,0,0,0,0,0,0,0,0,0,0,0,0,0,0,0,0,0,0,0,0,0,0,0,0,0,0
0,0,0,0,0,0,0,0,0,0,0,0,0,0,0,0,0,0,0,0,0,0,0,0,0,0,0,0,0,0,0,0
0,0,0,0,0,0,0,0,0,0,0,0,0,0,0,0,0,0,0,0,0,0,0,0,0,0,0,0,0,0,0,0
0,0,0,0,0,0,0,0,0,0,0,0,0,0,0,0,0,0,0,0,0,0,0,0,0,0,0,0,0,0,0,0
