0.7841276865,0.5550202251,0,0,0,0,0,0,0,0,0,0,0,0,0,0,0,0,0,0,0,0,0,0,0,0,0,0,0,0,0,0
0.5753865998,0,0,0,0,0,0,0,0,0,0,0,0,0,0,0,0,0,0,0,0,0,0,0,0.6650470324,0.8810987928,0.9882823447,0,0,0,0,0
0,0,0,0,0,0,0,0,0,0,0,0,0,0,0,0,0,0,0,0,0,0,0,0,0.7318379804,0.9106355087,0.8569338245,0,0,0,0,0
0,0,0,0,0,0,0,0,0,0,0,0,0,0,0,0,0,0,0,0,0,0,0,0,0,0.6861069261,0,0,0,0,0,0
0,0.4149790463,0.569040634,0.5316396767,0,0,0,0,0,0,0,0,0,0,0,0,0,0,0,0,0,0,0,0,0,0,0,0,0,0,0,0
0.4971347736,0.7460311414,0.8811902795,0.9110898132,0.7650445077,0.4673662858,0,0,0,0,0,0,0,0,0,0,0,0,0,0,0,0,0,0,0,0,0,0,0,0,0,0
0.9489725827,0.460301576,0.5534785814,0.8949906999,1.079365308,0.7603223522,0,0,0,0,0,0,0,0,0,0,0,0,0,0,0,0,0,0,0,0,0,0,0,0,0,0.6592189547
0,0,0,0,1.02932242,0.8334055147,0.4824841546,0,0,0,0,0,0,0,0,0,0,0,0,0,0,0,0,0,0,0,0,0,0,0,0.8055863476,0.751435544
0,0,0,0.7788248316,0.9719780729,0.6972469472,0,0,0,0,0,0,0,0,0,0,0.4096113602,0.5455298178,0.6579220069,0.6898575326,0.4422116612,0,0,0,0,0,0,0,0,0.4491996979,0.8620191495,0
1.064058892,1.012025575,0.7711919827,0.704154849,0.6338163897,0,0,0,0,0,0,0,0,0,0,0,0.6746106638,0.8762158952,0.9954993351,0.977752035,0.6884873142,0,0,0,0,0,0,0,0,0,0.8207882493,0.9983420596
0,0,0,0,0,0,0,0,0,0,0,0,0,0,0,0.5515341437,0.9374264762,1.126583421,1.028385549,1.097913223,0.9392078854,0.4457092949,0,0,0,0,0,0,0,0,0,0
0,0,0,0,0,0,0,0,0,0,0,0,0,0,0.5239475854,1.033305439,0.970735579,0.8145497492,0.7978411039,0.9310238659,1.132181001,0.7585135048,0,0,0,0,0,0,0,0,0,0
0,0,0,0,0,0,0,0,0,0,0,0,0,0.7746318899,1.041217081,0.7460569629,0.5239820227,0.4225276102,0.4890685049,0.7229701183,1.050425946,0.8088112617,0,0,0,0,0,0,0,0,0,0
0,0,0,0,0,0,0,0,0,0,0,0,1.00275317,0.8797214457,0.5155102136,0,0,0,0,0.5084236477,0.948171946,0.7828149873,0,0,0,0,0,0,0,0,0,0
0,0,0,0,0,0,0,0,0,0.7115313362,1.075793462,0.9046585072,0.6549024247,0,0,0,0,0,0,0.4035059682,0.8491655043,0.8830195131,0,0,0,0,0,0,0,0,0,0
0,0,0,0,0,0.6660024001,0.8893687098,1.068166736,1.04134127,0.8446199011,0.642472224,0.4178642214,0,0,0,0,0,0,0,0,0.7680692063,1.011673238,0.4099769984,0,0,0,0,0,0,0,0,0
0,0,0,0,0.5482814184,0.8815767494,1.127533922,0.9725759154,0.7835997484,0.5675307667,0,0,0,0,0,0,0,0,0,0,0.6495346604,1.134711428,0.5259021086,0,0,0,0,0,0,0,0,0
0,0,0,0,0.5022751364,0.9329154814,1.105092316,0.9160531764,0.7257877047,0.5311774791,0,0,0,0,0,0,0,0,0,0,0,0.7196863622,1.13335826,0.5968929637,0,0,0,0,0,0,0,0
0,0,0,0,0,0,0.5940912382,0.854386213,1.115763156,0.7091416139,0.4490335316,0,0,0,0,0,0,0,0,0,0,0,0,0.4504191286,0.5644018234,0,0,0,0,0,0,0
0,0,0,0,0,0,0,0,0.4983339059,1.111009017,0.6927499196,0.4229570271,0,0,0,0,0,0,0,0,0,0,0,0,0.863396678,0,0,0,0,0,0,0
0,0,0,0,0,0,0,0,0.515565148,1.057509506,0.971248119,0.6388518791,0,0,0,0,0,0,0,0,0,0,0,0,0,1.080652231,0.4170522411,0.4261173513,0.8029045227,0.7158956353,0,0
0,0,0,0.4333764369,0,0,0,0,0.6205691999,0.8404047848,1.050067158,0.5727838931,0.5310779674,0,0,0,0,0,0,0,0,0,0,0,0,0,0,0,0,0,1.043268326,0
0,0,0,0.5192885338,0,0,0,0,0.4504563281,0.7133880139,0.5311339769,0,0.7999603378,0.5937082824,0.4938756385,0,0,0,0,0,0,0,0,0,0.6507226799,0,0,0,0,0,0.7395811631,0
0,0,0.4055304435,0.5234953765,0,0,0,0,0,0.5904375744,0.7066011886,0.9925110027,1.149332082,1.101083178,0.7461148746,0.8147110003,0.836906292,0,0,0,0,0,0,0.6233352885,1.086826098,1.123514546,0,0,0,0,0.7798381326,0
0,0,0.4697217147,0.470039773,0,0,0,0,0,0,0.5804836459,0.543617623,0.7225777088,0,0,0,0,1.057609878,0,0,0,0,0.4359043789,0.9272585933,0.8407571628,0.5339061309,1.112065602,0,0,1.021605105,0,0
0,0,0.4579134848,0,0,0,0,0,0,0,0,0,0,0,0,0,0,0.6583225538,1.066200779,0.7501320658,0.6608785564,0.7495731795,1.025165164,0.8855698277,0.4683894488,0,0,0.4377682303,0.4874505127,0,0,0
0,0,0.4077868009,0,0,0,0,0,0,0,0,0,0,0,0,0,0,0,0.4968732262,0.7135293744,0.8183922238,0.7677374941,0.5709755815,0,0,0,0,0,0,0,0,0
0,0,0,0,0,0,0,0,0,0,0,0,0,0,0,0,0,0,0,0,0,0,0,0,0,0,0,0,0,0,0,0
0.4435164437,0.4779271347,0,0,0,0,0,0,0,0,0,0,0,0,0,0,0,0,0,0,0,0,0,0,0,0,0,0,0,0,0,0
0,0,0,0,0,0,0,0,0,0,0,0,0,0,0,0,0,0,0,0,0,0,0,0,0,0,0,0,0,0,0,0
0,0,0,0,0,0,0,0,0,0,0,0,0,0,0,0,0,0,0,0,0,0,0,0,0,0,0,0,0,0,0,0
0.4463226222,0,0,0,0,0,0,0,0,0,0,0,0,0,0,0,0,0,0,0,0,0,0,0,0,0,0,0,0,0,0,0
