0.4289461289,0.4595959565,0.5535857327,0.6427179103,0.7320404194,0.8259256291,0.8937001775,0.9000253204,0.9030280213,0.9072534936,0.8563780579,0.7480454545,0.6225094985,0.5791320466,0.6381403165,0.7189698851,0.7755417829,0.7962483678,0.7344459826,0.5971742988,0.5449379508,0.603266728,0.6494267584,0.6317267915,0.5555555704,0.4911024934,0.5321561336,0.6209719693,0.6478311191,0.6191218016,0.5678462543,0.492375308
0.4568713579,0.4834899116,0.5462030467,0.611260828,0.6865147616,0.766161602,0.812682984,0.8206649952,0.8519654124,0.8625313059,0.8121682814,0.7195010025,0.6126620506,0.5558023286,0.5756563131,0.637328873,0.7013772055,0.7403482605,0.7357831213,0.6972252032,0.6732916029,0.6685020531,0.6464622434,0.5774576074,0.4448766512,0.3440265944,0.4016344689,0.536479828,0.6035850543,0.5974090678,0.5596586043,0.4998886771
0.5188334814,0.518459486,0.534823348,0.570082577,0.6275047209,0.6914673578,0.7250927914,0.7564512014,0.8132192149,0.8093782909,0.7574399691,0.6908704673,0.6318590195,0.5946631179,0.585928336,0.6051564325,0.6469240823,0.6933526498,0.7213246986,0.7228170337,0.7025772222,0.6721145419,0.6374217854,0.5694776842,0.4359414073,0.3479779945,0.4192061773,0.5425490355,0.594877033,0.5915674548,0.5713755175,0.5422920726
0.5320108399,0.5075958006,0.4996882812,0.5177414678,0.5586265569,0.6133395944,0.6565371266,0.7072893025,0.7426188483,0.7439124048,0.7683804679,0.7245734823,0.6240557992,0.5676678888,0.5687307012,0.5909065237,0.615654487,0.6506411441,0.6758436401,0.6676142582,0.6449426373,0.6145941521,0.5830167804,0.5589192561,0.4904584651,0.4420592741,0.4947939526,0.5636067691,0.582739509,0.5792362044,0.569905515,0.555348082
0.5133863292,0.4783305624,0.4577203165,0.4627237891,0.4895081789,0.5359706313,0.5887396217,0.6362095587,0.6687101321,0.758745698,0.923507504,0.9312705905,0.7493798625,0.5943980358,0.5534385224,0.5725262692,0.5947696503,0.6139330556,0.6240120945,0.6120153113,0.6192701965,0.6199584766,0.5558900128,0.5202107949,0.5144625851,0.5055525074,0.5272830394,0.5540993122,0.564017391,0.5650310217,0.5585661489,0.5434386371
0.4673398296,0.4340426567,0.4159611666,0.411961229,0.4314990625,0.471322236,0.5214360161,0.5707394715,0.621364967,0.7116222352,0.8508556319,0.8895497375,0.7550352405,0.6089338369,0.5528755679,0.5554814383,0.5701009728,0.5782602955,0.5744697158,0.5629605705,0.5896334207,0.6526109915,0.6158871646,0.5193254077,0.4942674268,0.5067163021,0.5239402061,0.5420600992,0.5534347697,0.5552144261,0.5439668681,0.5133980769
0.3531067,0.2877326523,0.3001978035,0.3458850435,0.3894494571,0.432130789,0.4804433809,0.5296890837,0.5684255378,0.595581068,0.6282921458,0.6583337075,0.6327296196,0.5780683037,0.5477850396,0.5413202534,0.5414425136,0.5383025331,0.52884934,0.5199904003,0.5472001464,0.6465304958,0.6944945963,0.5886732788,0.5003396447,0.5000908788,0.5216870739,0.5410881459,0.5518542219,0.5453559113,0.510262789,0.4456563271
0.1883776363,0.06186621398,0.09159835175,0.2440072245,0.3638558421,0.4223537773,0.4692997786,0.5170926528,0.5544301293,0.5779749504,0.588792576,0.583724405,0.5749926756,0.5573510036,0.5380439793,0.5236814897,0.5126199898,0.5019279101,0.4891270129,0.4811829625,0.5080135488,0.6167325805,0.7217961994,0.6467386563,0.5222385624,0.5043241463,0.5296681496,0.5489820919,0.5483454084,0.5078017058,0.426075405,0.3266803403
0.1566163601,0.1147353392,0.1966060055,0.3303444591,0.4038156424,0.4405689703,0.4832440641,0.5274124483,0.5499705932,0.5521456557,0.5824060492,0.5893230866,0.5723096873,0.5522974241,0.5269723711,0.501146877,0.4790486475,0.4608655762,0.4458298318,0.4415575207,0.4746874032,0.5846884745,0.711067321,0.6818486921,0.5541999814,0.5176841843,0.5467582419,0.5675959637,0.5541077626,0.4737525488,0.3414741337,0.2384601124
0.3685028618,0.3984581171,0.4306766578,0.4396448362,0.4490546636,0.4859347142,0.5250134501,0.5490635965,0.57839737,0.5910149988,0.5992312518,0.589582348,0.5756990008,0.5613379265,0.5252618824,0.480580688,0.4435972356,0.4166266361,0.4006689853,0.403043206,0.4417408275,0.5372386461,0.6690501163,0.7304904302,0.6461341097,0.5597785492,0.5721855724,0.6049545944,0.6071451188,0.5444834426,0.4240417058,0.3597113123
0.5988552033,0.5517499893,0.5111036178,0.503594298,0.5354515957,0.5967524493,0.6430383692,0.6252290959,0.6004499761,0.5999280866,0.6019811695,0.6152665627,0.636598317,0.6116249148,0.5352855171,0.4600623219,0.4084379296,0.3768673473,0.3637305083,0.3730318693,0.408199614,0.4742194923,0.5997317563,0.7858020158,0.8461761055,0.6987777021,0.6220494489,0.6470264919,0.6732245651,0.6706275971,0.6381391152,0.6183555849
0.6838198069,0.6418927771,0.6249481875,0.6177215972,0.6290630069,0.6878222329,0.7762796553,0.7956955944,0.7438021242,0.715117895,0.7335876047,0.7571611558,0.7054509089,0.5779897285,0.4637528314,0.3956113125,0.3560181377,0.3351237123,0.332888442,0.3507055339,0.3823838126,0.4323727753,0.5509067767,0.8241148276,1,0.9425488682,0.7325396175,0.7043096865,0.7274608915,0.7397323607,0.7352832735,0.7211044489
1,0.908611236,0.7803942289,0.6740417621,0.6316546158,0.6693085707,0.7847359246,0.8818433903,0.8889961259,0.8734974037,0.8553047935,0.7598728486,0.5765741789,0.4302164696,0.3654471011,0.3259607977,0.2962517756,0.282679279,0.2915810709,0.3228722566,0.3666790564,0.4256439784,0.5482009634,0.8322220538,1,1,0.8565699926,0.7886368542,0.8091616763,0.8542885774,0.9250223479,0.9998108275
1,1,0.7955346605,0.6261864142,0.569214948,0.5771716523,0.6540811095,0.7417140079,0.7589309154,0.7221358747,0.6460343456,0.521178254,0.3996985726,0.3438423339,0.2951184232,0.2488401861,0.2444641603,0.2465398767,0.257607023,0.2941703876,0.3529995914,0.4291217408,0.5491064622,0.756903021,0.9730452993,0.9860207956,0.8834742909,0.8545957808,0.8980391465,1,1,1
1,1,0.7105441182,0.5682478682,0.5156065939,0.4890237745,0.491174894,0.5025339117,0.4832870815,0.4386580152,0.389927296,0.3471783956,0.3137662107,0.2723810063,0.178912437,0.1102289255,0.1528013352,0.2103600616,0.2416077326,0.2801345777,0.3397545825,0.4157164531,0.5096420908,0.6199423109,0.7227582221,0.7871182596,0.822432929,0.8581634846,0.9116563498,1,1,1
1,1,0.6569315585,0.5408695149,0.4852817325,0.4447488428,0.4148670622,0.3909475938,0.3654637151,0.3391464751,0.3121033076,0.2820554142,0.2507660595,0.2098674613,0.1429626619,0.08610048317,0.1198089394,0.1869747261,0.2290927846,0.2722518303,0.3289055794,0.3985052524,0.4789997327,0.5662114053,0.6548788392,0.7382191137,0.8089088943,0.8612622524,0.8953302438,0.9587729709,1,1
1,0.8922602397,0.6473427755,0.525284457,0.4604974691,0.415909465,0.3830054954,0.3562643365,0.3309832439,0.3020776945,0.2588184547,0.2173819998,0.2020368016,0.1873393627,0.1612351228,0.1344461401,0.1447666011,0.180614849,0.2156046337,0.2581831025,0.3130481151,0.3820452939,0.4634913567,0.5518016405,0.6444674864,0.7376593556,0.8167369979,0.8730524714,0.9049391843,0.9110239992,0.950039565,1
0.8487720427,0.7746611973,0.6639914762,0.5538240829,0.4666521557,0.4090414072,0.3739922831,0.3487027661,0.3232491913,0.2972143785,0.2616611348,0.213925798,0.1940407784,0.1842237762,0.1676192238,0.1546185767,0.1561389587,0.1717774325,0.1968683559,0.2306623186,0.271483561,0.3224329582,0.3822263197,0.4539942523,0.5629837461,0.6912604041,0.7910122553,0.853327733,0.8888953508,0.9042643863,0.8890650075,0.8706093472
0.7689762388,0.6927998134,0.6603785094,0.639146231,0.5822315417,0.507547729,0.4543690651,0.4195469949,0.3754198202,0.3210222895,0.2862252216,0.2483145813,0.2118268337,0.1921169782,0.174851975,0.1616169745,0.156277345,0.1590287722,0.1680547948,0.1699944848,0.1599708032,0.1655779246,0.1979914901,0.2864105858,0.4583408932,0.6354907078,0.7522011135,0.8146486518,0.8385420346,0.848945613,0.8553789227,0.8372045883
0.7395064058,0.648552628,0.6027548681,0.6209682212,0.6350422482,0.6146935973,0.5807452614,0.5382722098,0.4671794106,0.374783815,0.3188294207,0.282736726,0.2405239882,0.2112186393,0.1878035822,0.1678180827,0.1522632922,0.1385090458,0.1136321233,0.05051082031,0,0,0,0.1107152488,0.3416584185,0.5489544371,0.6743511938,0.7280984289,0.7272443825,0.7170399355,0.7408595691,0.7744229511
0.6873940977,0.6172326826,0.5461606526,0.5220332155,0.5388978005,0.5699349911,0.5819665056,0.5449111903,0.4648742277,0.3923733102,0.3560867049,0.3116189805,0.270696022,0.2416482946,0.2119599512,0.1831547455,0.1543850245,0.1184274837,0.04696644245,0,0,0,0,0.007013519286,0.2176606324,0.3892772936,0.4780532119,0.4768404881,0.4264341776,0.4380741625,0.5545551778,0.6716950545
0.6287315438,0.5795156795,0.5177106832,0.475869373,0.4810335124,0.5346765185,0.5736876387,0.5263418686,0.4508268629,0.4214174201,0.3666310579,0.3027804539,0.2972010659,0.272919619,0.2381234614,0.2050102697,0.1718101733,0.1320978686,0.04243324325,0,0,0,0,0.0846872303,0.1990028543,0.2244581946,0.1274654391,0,0,0.01460613905,0.3657215151,0.5885298376
0.5881089595,0.5422353533,0.496155557,0.4643761159,0.4803833864,0.5769810611,0.6426817912,0.5507176412,0.4735844377,0.4384096302,0.2972085588,0.2748182105,0.3331719515,0.3055797033,0.2922241657,0.2631584848,0.2094410881,0.1648583299,0.1111504754,0,0,0,0.1196967588,0.2453214198,0.3132070475,0.2483177346,0,0,0,0,0.32509447,0.5636203706
0.5567299861,0.5127626937,0.4795945895,0.4638133276,0.497669247,0.6478427896,0.7436047308,0.5949646368,0.5097309944,0.4548578496,0.3206824333,0.3589312378,0.3799106464,0.3734559436,0.4340314549,0.4248547157,0.3381145541,0.2328261298,0.1797756075,0.1179086296,0.05618134159,0.1301589695,0.2267083901,0.3095431824,0.3884513581,0.3835432045,0.1494923386,0,0,0.0643318991,0.4295199823,0.5644564274
0.5231855221,0.4907883094,0.4710071285,0.4709645789,0.5055802905,0.6459020327,0.7561251185,0.6261293859,0.5553015596,0.5151884344,0.4561894788,0.4611213882,0.4371802396,0.5147009768,0.6061329692,0.583227995,0.4976420104,0.3676401174,0.2615797851,0.2280029587,0.2106101637,0.2366568399,0.2844688132,0.3502018185,0.4213702792,0.4624205845,0.3850748358,0.2450027716,0.2242144021,0.3628234254,0.5056655344,0.5410166124
0.5205633431,0.4973534018,0.4725868248,0.4856178268,0.5209624819,0.6073972651,0.7013817113,0.6510921494,0.613833816,0.5907416936,0.5592938051,0.5295737177,0.531015746,0.6134848548,0.6346883072,0.5769504797,0.5153856701,0.445776247,0.3687894019,0.326505962,0.3145656932,0.3264311946,0.3632996875,0.4153752739,0.471185358,0.5099074575,0.5034748335,0.4752818421,0.4686353829,0.4929162762,0.5139976649,0.5137126148
0.5217736354,0.5029739573,0.4792927357,0.5063898589,0.5551390426,0.6194892613,0.6877860901,0.6942797513,0.6856933079,0.6692129814,0.6405439085,0.6138776505,0.6189871305,0.6364982699,0.6103844085,0.5663135204,0.5325604065,0.5011110684,0.4673748192,0.4383907191,0.4243622443,0.4311387968,0.4574614607,0.4971402873,0.5382552964,0.5637598029,0.5714439858,0.5651126797,0.5475986231,0.5251734405,0.5044804394,0.5029806451
0.4910115112,0.4804131186,0.4871718754,0.5308043435,0.5953575774,0.6664390996,0.7272565662,0.7582549414,0.7662944753,0.7540085385,0.7354158348,0.7257014647,0.7130575409,0.6865762922,0.6564457536,0.6360234656,0.6198909683,0.5985416798,0.5725365175,0.548839496,0.5361426805,0.538586889,0.5569362883,0.5863737409,0.6118940357,0.6270949888,0.6284620004,0.6084962939,0.5736044933,0.5354545921,0.5048742925,0.4947068994
0.4745128503,0.4699094134,0.4995752334,0.5592017831,0.6388479903,0.7209914641,0.7874799534,0.8315610888,0.8471627667,0.8442714822,0.8651101378,0.8710436512,0.8109761142,0.7493719307,0.7214318111,0.7122279909,0.7046674102,0.6890935315,0.6698841479,0.6524703144,0.6396820193,0.6389581868,0.6512792774,0.6692892042,0.68262967,0.6894572627,0.6792356675,0.6467132487,0.6058006901,0.5587339066,0.5143025094,0.4908289239
0.4830042648,0.4804278522,0.5172688982,0.5912009583,0.6866276927,0.7727997579,0.8469236957,0.8982306453,0.9188814419,0.9126841612,0.9334650659,0.9225291145,0.8383054369,0.780009664,0.7636718932,0.7636066525,0.7659268443,0.757151668,0.7350966749,0.7235219374,0.7195945398,0.7183535458,0.7230332496,0.7303347487,0.7349081975,0.7361504377,0.7211993785,0.6815641306,0.6335351507,0.5786550132,0.527359503,0.5006760817
0.4948787608,0.4986646894,0.5420783263,0.6169417604,0.7184544303,0.8119953216,0.8950292253,0.9405933022,0.9645249222,0.9584564046,0.9209454245,0.8704383684,0.8179123821,0.7872616752,0.7781130836,0.7866291821,0.8014344488,0.8021904033,0.7570666129,0.7055161817,0.702141607,0.7218887799,0.7395436864,0.747217189,0.7449512775,0.7434649217,0.7397809655,0.7082064496,0.6548239639,0.5983198722,0.5500490737,0.5187572496
0.4741374418,0.4911730888,0.5635860759,0.6443044792,0.7391993653,0.8389284288,0.9221617988,0.9470547592,0.9582430372,0.9681538822,0.9290830251,0.8617668822,0.78691024,0.7386663386,0.7471030262,0.7818109341,0.813512029,0.8229060891,0.7485127619,0.6118436402,0.5756905401,0.6395744132,0.6969446221,0.709175535,0.6863716186,0.667834786,0.6887821987,0.704409034,0.6742786671,0.6240969747,0.5738546843,0.5206629444
