0,0,0,0,0.0004550891232,0.0009064517912,0.001467417968,0.002272451646,0.003258456629,0.004408647209,0.006183524756,0.009032207545,0.01295949411,0.01359983352,0.01031171135,0.007400377954,0.005275044943,0.005134310427,0.004083522647,0.003333162473,0.002257491409,0.001191842624,0.0005026310716,0,0,0,0,0,0.0005035613649,0.001170832434,0.002202807804,0.003724978092
0,0,0,0.0005249949394,0.001082544808,0.000980675738,0.001640365297,0.0025358174,0.003499437411,0.004694162684,0.006565970416,0.009359971966,0.01310424614,0.01129708134,0.008736920406,0.006243761912,0.004253263117,0.004053441117,0.002831042971,0.001899872371,0.001099729895,0.000491543032,0,0,0,0,0,0,0,0.0005331672407,0.00125005486,0.00236582101
0,0,0,0,0.0005154484294,0.0004782785733,0.001032832163,0.001765210019,0.002561236199,0.003707119415,0.00539914941,0.007657953789,0.01038615228,0.008556650843,0.006614535288,0.004757336099,0.003150564848,0.002982462102,0.002882385033,0.001841326817,0.001061767307,0.0004894502415,0,0,0,0,0,0,0,0.000536622188,0.001234354831,0.001273401739
0,0,0,0,0,0,0.0004984907388,0.001055693018,0.001796394206,0.002802297985,0.003911530022,0.005626816681,0.008279550967,0.006747399453,0.004951580135,0.003356333749,0.002089635139,0.002007693365,0.001949169257,0.001968230801,0.002020985942,0.00117682344,0.0005416882743,0,0,0,0,0,0.0005418527266,0.001223845896,0.001236322225,0.0005581516916
0,0,0,0,0,0,0,0.0005103496051,0.001105700457,0.00176005406,0.002197948503,0.003130254825,0.005454711853,0.0048145271,0.0034955736,0.002191671433,0.001203137266,0.001177698796,0.001164369576,0.001180238926,0.001170636198,0.002079513101,0.001255113509,0.0005792065524,0,0,0,0.0005588972025,0.001244209382,0.001242850858,0.000556231484,0
0,0,0,0,0,0,0,0,0.0005190519556,0.001050116104,0.001557680192,0.002306285963,0.003978887061,0.003289786361,0.002238511903,0.001255662204,0.0005493602637,0.0005445109007,0.0005467626152,0.0005536116121,0.0005377671405,0.001126745684,0.002089087641,0.001304413054,0.0005948522201,0,0.0005769642988,0.001273714203,0.001258411538,0.0005582314737,0,0
0,0,0,0,0,0,0,0,0.0005503571769,0.001202057668,0.002059946815,0.003109037171,0.003202415738,0.002178499604,0.001266007468,0.0005665381624,0,0,0,0,0,0.0005043199694,0.001072208883,0.002153342989,0.001330161511,0.0005913331312,0.001301217192,0.001275023576,0.0005602380377,0,0,0
0,0,0,0,0,0,0,0,0,0.0005446803338,0.001211096455,0.0021650745,0.002185807369,0.001253151883,0.0005685005942,0,0,0,0,0,0,0,0.0004609130311,0.001134446711,0.00231194868,0.001324749496,0.001290428732,0.0005619543391,0,0,0,0
0,0,0,0,0,0,0,0,0.0005613635157,0.00126014388,0.002168202077,0.002151803637,0.001233104925,0.0005599732908,0,0,0,0,0,0,0,0,0,0.0004838225806,0.001257383465,0.001306634921,0.0005632839984,0,0,0,0,0
0,0,0,0,0,0,0,0.0005619056192,0.001224966403,0.002147796752,0.002128362221,0.002151189532,0.001228572368,0.0005545786967,0,0,0,0,0,0,0,0,0,0.0004559688941,0.001135240249,0.002222033648,0.001233270974,0.0005287119597,0,0,0,0
0,0,0,0,0,0,0.0005063581734,0.001162762526,0.002125482852,0.001196277618,0.001193549898,0.001175933256,0.0005101221738,0,0,0,0,0,0,0,0,0,0,0,0.000391928153,0.001066672246,0.002074599721,0.001134068941,0.0004888076436,0,0,0
0,0,0,0,0,0.0004803775457,0.0009679604379,0.0009437233727,0.001008967439,0.000464721307,0.0004542114511,0.0004409035401,0,0,0,0,0,0,0,0,0,0,0,0,0.0003168623501,0.0007701048546,0.00181922355,0.00188361401,0.001029802306,0.0004507307713,0,0
0.0003168623501,0.0003591972011,0.0004279137596,0.0004883347036,0.0005130161413,0.0004910756008,0.0004255010764,0.000373021403,0.0003692933212,0,0,0,0,0,0,0,0,0,0,0,0,0,0,0,0.0003168623501,0.0007129402877,0.001545471914,0.002645859194,0.001648083853,0.0008720663909,0.0003509142204,0.0003169095847
0.0007129402877,0.0007129402877,0.0009439233513,0.001161498755,0.0005498874157,0,0,0,0,0,0,0,0,0,0,0,0,0,0,0,0,0,0,0,0.0003279136641,0.0007250164564,0.001488677288,0.002421381655,0.002278840509,0.0012674494,0.0007129402877,0.0007129402877
0.0012674494,0.0012674494,0.00105150297,0.0005504629162,0,0,0,0,0,0,0,0,0,0,0,0,0,0,0,0,0,0,0,0,0.0004603651894,0.0009544033603,0.001619070248,0.002409493949,0.002235300844,0.001980389688,0.0012674494,0.0012674494
0.0012674494,0.0007129402877,0.0004982613122,0,0,0,0,0,0,0,0,0,0,0,0,0,0,0.0007854926902,0,0,0,0,0,0,0,0.0004515871907,0.0009273591514,0.001535483498,0.001464047482,0.001337996016,0.001980389688,0.001980389688
0.0007129402877,0.0003675999076,0,0,0,0,0,0,0,0,0,0,0,0.0007852614999,0,0,0,0.0007895267023,0,0,0,0,0,0,0,0.0004519041104,0.0009177170847,0.0008496770036,0.0008124121296,0.0008054311097,0.001354598875,0.001980389688
0.0008787056412,0.0004311069108,0,0,0,0,0,0,0,0,0,0,0.0007810144578,0.001771283715,0,0,0,0,0.0007792235295,0,0,0,0,0,0,0,0.0004220219324,0.000388098224,0.000369345683,0.0003614173892,0.0008308294505,0.0015156879
0.00173712528,0.001074401826,0.0004962574728,0,0,0,0,0,0,0,0,0,0,0.0007822333118,0,0,0,0,0,0,0,0,0,0,0,0,0,0,0,0,0.0003870031481,0.0008927051663
0.001803434474,0.001132066478,0.0005300099238,0,0,0,0,0,0,0,0,0,0,0,0.0007849671862,0,0,0,0,0,0,0,0,0,0,0,0,0,0,0,0,0.0004312397851
0.001081404541,0.0005214805617,0,0,0,0.0005494590083,0,0,0,0,0,0,0,0,0,0.0007879152922,0,0,0,0,0,0,0,0,0,0,0,0,0,0,0,0
0.0005147290947,0,0,0,0,0,0,0,0,0,0,0,0,0,0,0,0,0,0,0,0,0,0,0,0,0,0,0,0,0,0,0
0.0005386700054,0,0,0,0,0,0,0,0,0,0,0,0,0,0,0,0,0,0,0,0,0,0,0,0,0,0,0,0,0,0,0
0,0,0,0,0,0,0.0004485414835,0,0,0,0,0,0,0,0,0,0,0,0,0,0,0,0,0,0,0,0,0,0,0,0,0
0,0,0,0,0,0,0.0004414857886,0.0005162551242,0,0,0,0,0,0,0,0,0,0,0,0,0,0,0,0,0,0,0,0,0,0,0,0
0,0,0,0,0,0.0005272714914,0.001063309964,0.001128736266,0.0005234800944,0,0,0,0,0,0,0,0,0,0,0,0,0,0,0,0,0,0,0,0,0,0,0.0005831176463
0,0,0,0,0,0.0005201540095,0.001080896333,0.00190664322,0.001083610307,0.0004911309953,0,0,0,0.000510180701,0.0005255111601,0.0005516144158,0,0,0,0,0,0,0,0,0,0,0,0,0,0,0.0005886832428,0.001326573844
0,0,0,0,0.0005343800011,0.001108663131,0.001831224223,0.002751806918,0.001743126035,0.0009960211471,0.0004531750077,0.0004586902881,0.0004658980285,0.001082465009,0.001121723754,0.001148531584,0.0005199179444,0,0,0,0,0,0,0,0,0.0005156887243,0.0005148871183,0,0,0.0005700525781,0.001324002591,0.002378346026
0,0,0,0,0.0005088065489,0.001038085758,0.001695914878,0.002498810749,0.002446241783,0.001571804728,0.0008591161658,0.0008520589749,0.000924808999,0.001781148284,0.001844482353,0.00186548818,0.001059071673,0.000479645214,0,0,0,0,0,0.0004910868236,0.0004833718081,0.001078730419,0.001091996089,0.0005042133596,0.0005282129072,0.001251295699,0.002331049546,0.003730825002
0,0,0,0.0005368391132,0.001082398348,0.001728581772,0.00244704341,0.003280642523,0.003185949039,0.002232040481,0.001386884134,0.001408647326,0.001584655041,0.002675798088,0.002732814108,0.002733042597,0.001743949191,0.00099204496,0.0004533558915,0.0004599304129,0.0004621675192,0.0004628750623,0.0004602086048,0.001026128895,0.001020291123,0.001811035019,0.001845011989,0.001088970422,0.001151808399,0.002177106172,0.003593187747,0.005318817491
0,0,0.0005660842891,0.00117371619,0.001851270128,0.002565424206,0.003295506386,0.004204465981,0.004064697262,0.003011832258,0.002205977525,0.002368826175,0.00254520235,0.003816897715,0.003862649811,0.00382005458,0.002601673825,0.00166340641,0.0009921524907,0.001057977589,0.001062329342,0.001036935678,0.001014384429,0.001786008471,0.001791123881,0.002803877931,0.002816895448,0.001874687762,0.001997950112,0.003328931293,0.005051849524,0.007105991613
0,0,0,0.000505618968,0.001014822815,0.001583310925,0.002202162365,0.00306077164,0.004100669568,0.004044198853,0.003140020687,0.003452425387,0.003818651664,0.005528841903,0.005470439901,0.005232293091,0.003686737871,0.00252818708,0.001783085707,0.002098606884,0.002184148761,0.002033527625,0.001900517073,0.002925733967,0.003007584603,0.004427368597,0.004318420766,0.002942791077,0.00305123513,0.004657029898,0.006702319855,0.009262953776
