time,R_up,R_up_baseline,R_down,R_down_baseline
0,0,0,0,0
0.0875,1.029117684e-07,0,2.257534551e-06,0
0.175,3.330545516e-07,0,4.538812052e-06,0
0.2625,6.804666838e-07,0,6.52215981e-06,0
0.35,1.126727806e-06,0,8.218358159e-06,0
0.4375,1.653858256e-06,0,9.682416092e-06,0
0.525,2.246546656e-06,0,1.096295003e-05,0
0.6125,2.892238978e-06,0,1.209670814e-05,0
0.7,3.580685888e-06,0,1.311081264e-05,0
0.7875,4.30344777e-06,0,1.402547763e-05,0
0.875,5.05348567e-06,0,1.485605875e-05,0
0.9625,5.82485095e-06,0,1.561446362e-05,0
1.05,6.612456361e-06,0,1.631010766e-05,0
1.1375,7.411907776e-06,0,1.695056772e-05,0
1.225,8.219379409e-06,0,1.754203688e-05,0
1.3125,9.031519835e-06,0,1.808964726e-05,0
1.4,9.845379832e-06,0,1.859770372e-05,0
1.4875,1.065835585e-05,0,1.906985622e-05,0
1.575,1.14681448e-05,0,1.950922921e-05,0
1.6625,1.227270721e-05,0,1.99185203e-05,0
1.75,1.30702366e-05,0,2.030007657e-05,0
1.8375,1.385913377e-05,0,2.065595447e-05,0
1.925,1.463798477e-05,0,2.098796733e-05,0
2.0125,1.540554188e-05,0,2.129772353e-05,0
2.1,1.616070703e-05,0,2.158665737e-05,0
2.1875,1.690251722e-05,0,2.185605441e-05,0
2.275,1.763013163e-05,0,2.210707233e-05,0
2.3625,1.834282011e-05,0,2.234075831e-05,0
2.45,1.903995294e-05,0,2.255806353e-05,0
2.5375,1.972099157e-05,0,2.275985544e-05,0
2.625,2.038548034e-05,0,2.294692812e-05,0
2.7125,2.103303899e-05,0,2.31200111e-05,0
2.8,2.166335584e-05,0,2.327977698e-05,0
2.8875,2.227618162e-05,0,2.342684784e-05,0
2.975,2.287132391e-05,0,2.356180094e-05,0
3.0625,2.344864197e-05,0,2.368517351e-05,0
3.15,2.400804214e-05,0,2.379746701e-05,0
3.2375,2.454947354e-05,0,2.389915077e-05,0
3.325,2.507292421e-05,0,2.399066527e-05,0
3.4125,2.557841752e-05,0,2.40724249e-05,0
3.5,2.606600892e-05,0,2.414482047e-05,0
3.5875,2.653578294e-05,0,2.420822137e-05,0
3.675,2.698785044e-05,0,2.426297752e-05,0
3.7625,2.742234607e-05,0,2.430942107e-05,0
3.85,2.783942592e-05,0,2.43478679e-05,0
3.9375,2.823926544e-05,0,2.437861896e-05,0
4.025,2.862205742e-05,0,2.440196149e-05,0
4.1125,2.898801017e-05,0,2.441817005e-05,0
4.2,2.933734588e-05,0,2.442750751e-05,0
4.2875,2.967029903e-05,0,2.443022586e-05,0
4.375,2.998711501e-05,0,2.442656701e-05,0
4.4625,3.028804876e-05,0,2.441676346e-05,0
4.55,3.057336362e-05,0,2.440103892e-05,0
4.6375,3.084333013e-05,0,2.437960885e-05,0
4.725,3.109822506e-05,0,2.435268098e-05,0
4.8125,3.133833045e-05,0,2.432045579e-05,0
4.9,3.156393268e-05,0,2.428312686e-05,0
4.9875,3.177532174e-05,0,2.424088128e-05,0
5.075,3.19727904e-05,0,2.419390002e-05,0
5.1625,3.215663361e-05,0,2.414235819e-05,0
5.25,3.232714776e-05,0,2.408642533e-05,0
5.3375,3.24846302e-05,0,2.402626571e-05,0
5.425,3.262937863e-05,0,2.396203854e-05,0
5.5125,3.276169065e-05,0,2.38938982e-05,0
5.6,3.288186327e-05,0,2.382199441e-05,0
5.6875,3.299019253e-05,0,2.374647249e-05,0
5.775,3.30869731e-05,0,2.366747345e-05,0
5.8625,3.317249793e-05,0,2.358513422e-05,0
5.95,3.324705795e-05,0,2.349958775e-05,0
6.0375,3.331094175e-05,0,2.341096319e-05,0
6.125,3.336443536e-05,0,2.331938601e-05,0
6.2125,3.340782197e-05,0,2.322497808e-05,0
6.3,3.344138173e-05,0,2.312785786e-05,0
6.3875,3.346539158e-05,0,2.302814047e-05,0
6.475,3.348012501e-05,0,2.292593777e-05,0
6.5625,3.348585199e-05,0,2.282135851e-05,0
6.65,3.348283876e-05,0,2.271450837e-05,0
6.7375,3.347134775e-05,0,2.26054901e-05,0
6.825,3.345163743e-05,0,2.249440355e-05,0
6.9125,3.342396226e-05,0,2.238134581e-05,0
7,3.338857259e-05,0,2.226641121e-05,0
7.0875,3.334571458e-05,0,2.214969147e-05,0
7.175,3.329563016e-05,0,2.203127573e-05,0
7.2625,3.323855697e-05,0,2.19112506e-05,0
7.35,3.317472832e-05,0,2.178970028e-05,0
7.4375,3.310437316e-05,0,2.166670658e-05,0
7.525,3.302771609e-05,0,2.154234898e-05,0
7.6125,3.294497729e-05,0,2.141670471e-05,0
7.7,3.285637256e-05,0,2.128984879e-05,0
7.7875,3.276211331e-05,0,2.11618541e-05,0
7.875,3.266240654e-05,0,2.10327914e-05,0
7.9625,3.25574549e-05,0,2.090272944e-05,0
8.05,3.244745665e-05,0,2.077173495e-05,0
8.1375,3.233260575e-05,0,2.06398727e-05,0
8.225,3.221309181e-05,0,2.05072056e-05,0
8.3125,3.208910019e-05,0,2.037379466e-05,0
8.4,3.196081197e-05,0,2.023969912e-05,0
8.4875,3.182840405e-05,0,2.010497642e-05,0
8.575,3.169204915e-05,0,1.996968231e-05,0
8.6625,3.155191586e-05,0,1.983387083e-05,0
8.75,3.140816869e-05,0,1.969759439e-05,0
8.8375,3.126096812e-05,0,1.956090379e-05,0
8.925,3.111047064e-05,0,1.942384828e-05,0
9.0125,3.095682883e-05,0,1.928647557e-05,0
9.1,3.080019137e-05,0,1.914883189e-05,0
9.1875,3.064070313e-05,0,1.901096201e-05,0
9.275,3.04785052e-05,0,1.887290929e-05,0
9.3625,3.031373499e-05,0,1.873471569e-05,0
9.45,3.014652622e-05,0,1.859642183e-05,0
9.5375,2.997700905e-05,0,1.845806702e-05,0
9.625,2.980531011e-05,0,1.831968927e-05,0
9.7125,2.963155252e-05,0,1.818132536e-05,0
9.8,2.945585603e-05,0,1.804301081e-05,0
9.8875,2.927833701e-05,0,1.790477998e-05,0
9.975,2.909910857e-05,0,1.776666605e-05,0
10.0625,2.891828057e-05,0,1.762870107e-05,0
10.15,2.873595971e-05,0,1.749091599e-05,0
10.2375,2.855224958e-05,0,1.735334068e-05,0
10.325,2.836725074e-05,0,1.721600395e-05,0
10.4125,2.818106074e-05,0,1.707893358e-05,0
10.5,2.799377424e-05,0,1.694215638e-05,0
10.5875,2.7805483e-05,0,1.680569816e-05,0
10.675,2.761627601e-05,0,1.666958378e-05,0
10.7625,2.74262395e-05,0,1.653383721e-05,0
10.85,2.723545702e-05,0,1.639848147e-05,0
10.9375,2.704400949e-05,0,1.626353875e-05,0
11.025,2.685197526e-05,0,1.612903034e-05,0
11.1125,2.665943017e-05,0,1.599497675e-05,0
11.2,2.646644762e-05,0,1.586139763e-05,0
11.2875,2.627309858e-05,0,1.572831187e-05,0
11.375,2.607945171e-05,0,1.559573759e-05,0
11.4625,2.588557336e-05,0,1.546369215e-05,0
11.55,2.569152766e-05,0,1.53321922e-05,0
11.6375,2.549737654e-05,0,1.520125366e-05,0
11.725,2.530317982e-05,0,1.507089179e-05,0
11.8125,2.510899522e-05,0,1.494112114e-05,0
11.9,2.491487846e-05,0,1.481195565e-05,0
11.9875,2.472088326e-05,0,1.468340861e-05,0
12.075,2.452706143e-05,0,1.455549268e-05,0
12.1625,2.433346288e-05,0,1.442821993e-05,0
12.25,2.41401357e-05,0,1.430160186e-05,0
12.3375,2.394712621e-05,0,1.417564938e-05,0
12.425,2.375447897e-05,0,1.405037287e-05,0
12.5125,2.356223684e-05,0,1.392578217e-05,0
12.6,2.337044105e-05,0,1.380188659e-05,0
12.6875,2.317913122e-05,0,1.367869495e-05,0
12.775,2.298834539e-05,0,1.355621557e-05,0
12.8625,2.27981201e-05,0,1.343445629e-05,0
12.95,2.26084904e-05,0,1.33134245e-05,0
13.0375,2.241948989e-05,0,1.319312713e-05,0
13.125,2.223115079e-05,0,1.307357069e-05,0
13.2125,2.204350393e-05,0,1.295476125e-05,0
13.3,2.185657883e-05,0,1.283670449e-05,0
13.3875,2.167040374e-05,0,1.271940566e-05,0
13.475,2.148500562e-05,0,1.260286965e-05,0
13.5625,2.130041024e-05,0,1.248710098e-05,0
13.65,2.111664219e-05,0,1.23721038e-05,0
13.7375,2.09337249e-05,0,1.225788189e-05,0
13.825,2.075168068e-05,0,1.214443872e-05,0
13.9125,2.057053078e-05,0,1.203177742e-05,0
14,2.039029539e-05,0,1.191990078e-05,0
