soil,grid_n,percentile_threshold,substantial_cells,share_of_total_OM_in_substantial,n_regions_reachable,n_regions_unreachable,median_um,p95_um,max_um
Sand,40,50,95,0.9814212773014948,1,0,10.0,10.0,10.0
Sand,40,75,48,0.8851033577191829,1,0,10.0,10.0,10.0
Sand,40,90,19,0.6720867404325799,1,0,20.0,20.0,20.0
Sand,40,95,10,0.5250419489411658,1,0,20.0,20.0,20.0
Sand,40,99,2,0.23796649174533158,1,0,30.0,30.0,30.0
Sand,40,99.9,1,0.15562655576547293,1,0,30.0,30.0,30.0
Sand,128,50,977,0.9701127770760118,1,2,10.0,10.0,10.0
Sand,128,75,489,0.8568138911126696,1,2,10.0,10.0,10.0
Sand,128,90,196,0.6426296485607285,1,2,20.0,20.0,20.0
Sand,128,95,98,0.4755209776289252,1,2,20.0,20.0,20.0
Sand,128,99,20,0.18766011151960282,1,2,20.0,20.0,20.0
Sand,128,99.9,2,0.04146466893330012,1,2,40.0,40.0,40.0
Vertisol,40,50,352,0.9999762853428144,9,0,20.0,25.999999999999996,30.0
Vertisol,40,75,176,0.9918410317765998,9,0,30.0,51.99999999999999,60.0
Vertisol,40,90,71,0.941382042914938,9,0,160.0,366.0,370.0
Vertisol,40,95,36,0.8617241796191758,9,0,200.0,376.0,380.0
Vertisol,40,99,8,0.6120423104722248,9,0,560.0,706.0,710.0
Vertisol,40,99.9,1,0.23366893892629914,9,0,590.0,736.0,740.0
Vertisol,128,50,3608,0.9998829201334333,66,4,20.0,40.0,50.0
Vertisol,128,75,1804,0.9839334094573423,65,5,30.0,115.9999999999998,250.0
Vertisol,128,90,722,0.9036869028913276,65,5,40.0,150.0,270.0
Vertisol,128,95,361,0.8044472395960347,65,5,60.0,275.99999999999994,510.0
Vertisol,128,99,73,0.5202053257785099,65,5,200.0,478.0,550.0
Vertisol,128,99.9,8,0.18909455612621962,65,5,370.0,750.0,940.0
