probe,rung,om_spec,D_spec,om_total_sand,om_total_vertisol,D_scale_sand,D_scale_vertisol,sand_R_peak,sand_R_end_over_peak,sand_shape_ok,vert_R_peak,vert_B_peak_over_B0,vert_peak_frac,vert_R_end_over_peak,vert_shape_ok,vert_frac_at_2pct,vert_t_final,vert_hotspot_pct,recruit_ok,distinctness_n128,distinctness_n40,all_pass_n128,all_pass_n40,all_pass_both_grids,note
1,1,stage16_om_total_shared=3000,stage16_D_scale_shared=80,3000.0,3000.0,80.0,80.0,13.994318611508863,0.008027210474598905,True,18.158235321767975,10.166202231235337,0.3789192795196798,0.2143739919531988,False,1.0,0.00266844563042028,31.428571428571427,False,0.55273527680326,1.7056114426679534,False,False,False,"rung 1 probe 1: Sand's own working point (SS5: om=3,000 / D=80 gives Sand a genuine burst-crash) imposed on BOTH soils. The purest possible claim."
2,1,stage16_om_total_shared=50000,stage16_D_scale_shared=0.7,50000.0,50000.0,0.7,0.7,10.74870274124823,0.9992376077305422,False,9.129064639020088,5.755571509228856,1.0,1.0,True,1.0,0.01467645096731154,21.428571428571427,False,0.4339923119600041,0.2606455537125916,False,False,False,"rung 1 probe 2: the mirror -- Vertisol's own working point (SS5: om=50,000 / D=0.7 gives growth AND staggering) imposed on both. Brackets the gap from the other side."
3,1,stage16_om_total_shared=12247,stage16_D_scale_shared=7.5,12247.0,12247.0,7.5,7.5,13.429274466119576,1.0,False,21.160643896995087,14.804911270766599,0.6450967311541027,0.887586231139469,True,1.0,0.01200800533689126,30.0,False,0.39835792668583925,0.9064665349070714,False,False,False,"rung 1 probe 3: geometric midpoint of probes 1-2 in both dose and transport -- the informative middle, testing whether any single compromise serves both."
4,1,stage16_om_total_shared=12247,stage16_D_scale_shared=80,12247.0,12247.0,80.0,80.0,19.873689039045143,0.6633785164364325,False,66.02393572811476,40.12456029838246,0.2494996664442962,0.37932774098328575,False,1.0,0.00133422281521014,31.428571428571427,False,1.020595925827459,1.2761724491400608,False,False,False,"rung 1 probe 4: midpoint dose but Sand's fast transport, separating the dose axis from the transport axis -- SS5 warns raising D_scale destroys staggering fastest, so this isolates which axis actually blocks a shared setting."
5,2,stage16_om_rho_shared=1.5361,stage16_D_scale_shared=80,3000.0,11082.94930875576,80.0,80.0,13.994318611508863,0.008027210474598905,True,61.30535626429871,37.235988934392346,0.256837891927952,0.3640690494956889,False,1.0,0.00133422281521014,31.428571428571427,False,0.38162360070470414,1.2286593922506495,False,False,False,"rung 2 probe 5: shared OM concentration per unit matrix volume, pinned so SAND lands on its working dose; Vertisol's total is then DERIVED from its 3.69x larger matrix. Fast shared transport."
6,2,stage16_om_rho_shared=6.93001,stage16_D_scale_shared=0.7,13534.303534303534,50000.0,0.7,0.7,8.543413975326628,0.9913162614400328,False,9.129064639020088,5.755571509228856,1.0,1.0,True,1.0,0.01467645096731154,21.428571428571427,False,0.3047933860803073,0.624360303868666,False,False,False,rung 2 probe 6: same shared-concentration rule pinned so VERTISOL lands on its working dose; Sand's total is then derived. Slow shared transport.
7,2,stage16_om_rho_shared=3.26269,stage16_D_scale_shared=7.5,6372.041321500559,23540.33698649592,7.5,7.5,12.651806644480597,0.663499089402568,False,34.0584912781385,26.415622378575062,0.580386924616411,0.8905700336699632,False,1.0,0.01000667111407605,30.0,False,0.24205278322549245,1.956820075329637,False,False,False,"rung 2 probe 7: shared concentration at the geometric midpoint of probes 5-6, midpoint shared transport -- rung 2's best-compromise attempt."
8,2,stage16_om_rho_shared=3.26269,stage16_D_scale_sand=10.7531; stage16_D_scale_vertisol=4.24691,6372.041321500559,23540.33698649592,10.753094357820286,4.246905642179714,13.536432566737169,0.590849234713908,False,24.65122066053247,19.26979634991088,0.7858572381587725,0.9760332193829181,True,1.0,0.015343562374916611,25.714285714285715,False,0.564414333401349,2.130217326563779,False,False,False,"rung 2 probe 8: the analogous STRUCTURE-DERIVED option for transport that SS3 asks to consider -- one shared coefficient, per-soil D_scale = coeff x that soil's own macropore fraction, so transport too is derived rather than set."
9,3,stage16_om_total_sand=3000; stage16_om_total_vertisol=50000,stage16_D_scale_sand=80; stage16_D_scale_vertisol=0.7,3000.0,50000.0,80.0,0.7,13.994318611508863,0.008027210474598905,True,9.129064639020088,5.755571509228856,1.0,1.0,True,1.0,0.01467645096731154,21.428571428571427,False,2.082142428868054,2.1517402297399655,False,False,False,"rung 3 probe 9: per-soil dose and transport at exactly SS5's measured working points. This is Stage 10's position, and the fallback the ladder descends to only if rungs 1-2 fail."
